tozeret_cd,degem_cd,size
11,1,16
11,2,65
11,3,38
11,4,44
11,6,20
19,1,17
19,2,17
19,3,24
19,4,39
19,5,13
19,7,17
19,9,28
19,12,18
19,13,52
19,14,31
19,16,8
19,18,18
19,21,13
19,22,13
19,26,93
19,27,45
19,28,13
19,29,14
19,34,14
19,35,11
19,37,13
19,44,19
19,58,29
19,64,27
19,73,48
19,76,8
19,77,9
19,102,10
19,104,11
19,106,33
19,112,17
19,125,27
19,136,19
19,139,42
19,142,10
19,143,92
19,145,19
19,146,63
19,147,178
19,148,131
19,149,19
19,151,9
19,152,74
19,153,50
19,161,10
19,163,19
19,164,21
19,173,8
19,174,45
19,179,20
19,201,41
19,205,22
19,206,52
19,207,54
19,208,25
19,213,11
19,239,20
19,250,9
19,255,25
19,287,11
19,288,8
19,289,11
19,295,66
19,296,31
19,297,23
19,298,29
19,303,10
19,304,56
19,305,15
19,306,18
19,309,13
19,320,12
19,321,8
19,328,23
19,348,34
19,349,10
19,354,9
19,363,13
19,368,21
19,372,262
19,373,194
19,374,31
19,376,18
19,377,12
19,388,11
19,392,10
19,393,23
19,401,9
19,409,13
19,411,27
19,412,24
19,414,9
19,415,29
19,416,12
19,417,14
19,418,81
19,419,146
19,421,10
19,423,134
19,431,42
19,432,9
19,448,35
19,449,24
19,452,17
19,453,176
19,454,85
19,455,42
19,461,14
19,463,10
19,468,149
19,473,25
19,474,34
19,476,37
19,483,22
19,484,26
19,485,81
19,486,21
19,487,24
19,488,18
19,503,62
19,506,14
19,509,46
19,512,9
19,525,29
19,526,33
19,529,29
19,533,20
19,534,14
19,537,19
19,538,18
19,539,9
19,540,8
19,542,9
19,544,82
19,545,91
19,547,31
19,548,26
19,550,22
19,552,104
19,553,66
19,554,9
19,555,70
19,557,23
19,558,134
19,559,99
19,563,119
19,564,46
19,565,48
19,567,14
19,568,11
19,569,161
19,570,54
19,572,18
19,573,34
19,574,17
19,580,22
19,582,11
19,583,12
19,584,14
19,585,26
19,586,25
19,587,12
19,588,24
19,590,11
19,594,22
19,595,23
19,598,8
19,639,69
19,641,11
19,642,198
19,647,42
19,648,10
19,656,79
19,657,25
19,658,91
19,660,9
19,663,144
19,666,113
19,667,67
19,668,13
19,676,8
19,677,17
19,678,15
19,685,110
19,686,20
19,700,13
19,704,41
19,714,9
19,731,10
19,745,15
19,981,14
19,1191,11
19,1261,36
19,1391,42
19,1441,15
19,1541,47
19,1542,42
19,1551,12
19,1571,37
19,1572,39
19,1581,54
19,1582,76
19,1621,13
19,1623,16
19,1681,22
19,1682,19
19,1691,53
19,1692,71
19,1711,22
19,1712,19
19,1731,18
19,1761,8
19,1811,17
19,1812,17
19,1831,9
19,1892,10
19,1902,9
19,1922,17
19,1951,47
19,1971,15
19,1981,41
19,1991,12
19,2021,12
19,2041,19
19,2061,48
19,2071,19
19,2081,21
19,2111,8
19,2141,13
19,2151,8
19,2171,28
19,2181,27
19,2191,23
19,2251,136
19,2261,24
19,2271,25
19,2281,44
19,2291,24
19,2301,46
19,2311,10
19,2321,44
19,2351,23
19,2371,29
19,2381,67
19,2411,14
19,2461,28
19,2481,12
19,2491,61
19,2511,25
19,2521,43
19,2531,13
19,2591,70
19,2641,249
19,2651,255
19,2671,37
19,2681,205
19,2931,47
19,2991,20
19,3031,65
19,3061,12
19,3101,8
19,3121,50
19,3141,10
19,3171,13
19,3191,21
19,3211,26
19,3431,8
19,3441,10
19,3481,17
19,3541,39
19,3571,42
21,26,19
21,27,13
21,39,21
21,40,35
21,41,23
21,51,14
21,63,20
21,69,60
21,79,31
21,80,191
21,84,57
21,86,15
21,87,11
21,89,8
21,96,42
21,97,14
21,98,22
21,99,135
21,102,10
21,104,19
21,109,9
21,191,8
21,201,28
21,211,9
21,411,11
21,451,31
21,531,8
21,571,24
32,1,70
32,3,41
32,5,11
32,7,14
32,11,11
32,14,11
32,15,12
32,16,12
32,22,11
32,23,46
32,24,14
32,29,8
32,48,9
32,51,45
32,52,36
32,54,124
32,55,14
32,61,38
32,68,12
32,69,9
32,81,15
32,91,15
32,105,18
32,113,25
32,123,8
32,141,8
32,143,9
32,160,36
32,161,86
32,179,99
32,181,62
32,182,41
32,184,32
32,186,39
32,188,50
32,191,11
32,193,16
32,194,39
32,195,9
32,200,8
32,201,15
32,590,13
32,591,34
32,690,8
32,691,18
32,711,16
33,2,92
33,4,93
33,11,15
33,14,14
33,15,14
33,17,13
33,18,14
33,25,15
33,28,11
33,29,12
33,48,312
33,49,14
33,56,21
33,57,63
33,63,53
33,64,12
33,69,12
33,76,35
33,77,9
33,82,186
33,86,71
33,88,26
33,92,36
33,93,44
33,94,16
33,96,14
33,99,16
33,105,13
33,106,8
33,112,14
33,124,11
33,241,24
33,261,24
33,502,8
33,531,22
33,581,168
33,591,51
33,621,18
33,631,8
33,641,256
33,651,103
33,742,24
33,761,84
57,1,15
57,2,33
63,3,22
63,4,43
63,6,28
70,11,15
70,12,14
70,21,74
70,31,39
70,41,10
71,11,15
71,21,14
74,1,13
74,2,36
74,5,8
74,6,24
74,7,14
74,9,8
74,12,49
74,13,17
74,14,26
74,15,113
74,16,108
74,17,97
74,23,67
74,26,11
74,27,43
74,28,44
74,29,14
74,35,10
74,36,13
74,37,24
74,39,60
74,43,40
74,45,95
74,46,52
74,49,9
74,53,16
74,57,91
74,59,42
74,63,15
74,64,8
74,68,29
74,69,10
74,73,21
74,76,29
74,77,16
74,79,11
74,80,12
74,82,35
74,83,17
74,85,32
74,86,20
74,87,16
74,92,11
74,93,16
74,94,10
74,103,9
74,107,34
74,108,11
74,118,16
74,119,11
74,128,8
74,170,19
74,180,44
74,190,25
74,230,18
74,241,76
74,291,27
74,311,10
74,321,183
74,331,47
74,350,112
74,370,13
74,390,77
74,401,10
74,420,22
74,421,23
74,440,18
74,441,16
74,450,38
74,451,62
74,461,42
74,470,27
74,481,12
74,490,14
74,500,23
74,510,68
74,520,52
74,610,8
74,650,51
74,1100,21
74,1111,8
74,1200,8
74,1430,10
74,1470,8
76,1,78
76,3,30
76,7,33
76,8,44
76,10,18
76,13,903
76,14,249
76,19,101
76,20,15
76,24,269
76,41,80
76,71,25
82,3,42
82,14,12
82,17,34
82,18,14
82,20,140
82,22,10
82,32,8
82,41,26
82,50,84
82,51,273
82,71,14
82,81,23
92,30,308
92,40,36
101,10,17
103,1,441
103,2,40
103,3,107
103,4,72
103,5,150
103,7,204
103,8,65
103,15,200
103,16,223
103,21,8
103,25,257
103,27,30
103,30,338
103,32,139
103,34,73
103,37,69
103,38,34
103,71,140
103,81,9
103,91,12
103,121,17
103,131,1591
103,171,862
103,210,13
103,211,35
103,231,11
103,291,20
103,331,11
103,350,210
103,3350,12
104,30,16
104,31,12
104,70,8
104,121,24
104,171,10
104,201,15
104,221,9
104,231,99
104,241,40
104,261,75
104,300,9
104,311,35
104,321,62
104,331,15
104,5751,52
114,11,14
114,30,8
114,41,9
114,81,13
114,111,9
114,121,8
114,131,8
114,141,46
114,201,23
114,211,8
114,221,52
114,241,98
114,251,14
114,651,19
114,691,17
114,791,12
114,881,33
114,931,47
114,1111,37
114,1112,45
114,1221,11
114,1271,13
114,1301,101
114,1302,9
114,1371,48
114,1531,23
114,1541,22
114,1621,11
114,1691,10
114,1761,8
114,1771,56
114,1801,23
114,1802,9
114,1811,31
114,1821,46
114,1831,48
114,1842,10
114,1931,9
114,1941,25
114,1951,27
114,1961,21
114,2091,20
114,2092,79
114,2101,17
114,2102,56
114,2121,18
114,2122,63
114,2262,25
114,2272,11
114,2281,20
114,2282,41
114,2291,31
114,2292,106
114,2302,29
114,2321,19
114,2322,64
114,2332,18
114,2452,11
114,2491,87
114,2501,64
114,2511,48
114,2521,15
114,2531,49
114,2541,20
114,2551,87
114,2701,35
114,2711,17
121,1,34
121,2,25
121,3,23
127,20,36
127,100,39
127,200,43
127,220,33
127,230,34
127,250,16
127,400,18
127,500,27
127,600,195
127,700,24
127,800,58
127,900,22
127,1000,230
127,1100,9
127,1200,187
127,1300,194
127,1400,80
127,1420,210
127,1430,194
127,1501,8
127,1504,152
127,1505,24
127,1506,73
127,1507,45
127,1550,100
127,1600,104
127,1700,44
127,1800,8
127,2000,102
139,1,430
139,2,2421
139,3,201
139,9,1883
139,10,488
139,11,507
139,12,247
139,13,75
139,14,115
139,15,33
139,16,46
139,17,10
139,20,23
139,21,262
139,22,9
139,200,46
139,400,35
139,500,329
139,600,347
143,1,29
143,2,9
143,4,111
143,5,52
143,6,25
143,7,34
143,8,64
143,11,14
143,12,12
143,13,13
143,15,62
143,16,17
143,21,41
143,22,23
143,23,175
143,24,59
143,32,12
143,33,43
143,47,19
143,49,11
143,51,19
143,59,14
143,61,21
143,62,22
143,67,9
143,68,25
143,71,119
143,81,35
143,83,69
143,84,38
143,88,19
143,89,25
143,91,46
143,93,123
143,95,10
143,108,11
143,113,8
143,122,11
143,133,8
143,139,11
143,143,32
143,144,37
143,146,9
143,159,55
143,162,22
143,163,46
143,164,22
143,175,15
143,176,10
143,179,8
143,191,29
143,193,18
143,201,11
143,209,8
143,210,15
143,220,23
143,236,20
143,237,28
143,238,17
143,239,13
143,261,84
143,264,8
143,265,9
143,268,18
143,271,24
143,287,9
143,288,17
143,289,30
143,291,13
143,301,18
143,308,31
143,317,31
143,318,20
143,321,22
143,322,80
143,331,29
143,335,67
143,341,51
143,343,79
143,361,11
143,371,36
143,374,37
143,378,54
143,391,14
143,394,13
143,397,11
143,398,11
143,399,13
143,405,11
143,417,19
143,418,11
143,420,151
143,422,36
143,442,12
143,443,114
143,449,10
143,456,8
143,459,9
143,461,12
143,465,10
143,468,32
143,471,23
143,481,63
143,491,44
143,495,11
143,496,14
143,497,40
143,498,8
143,499,13
143,501,99
143,502,43
143,503,9
143,504,8
143,509,8
143,511,9
143,518,15
143,519,19
143,520,11
143,521,8
143,523,10
143,524,19
143,525,11
143,526,17
143,530,26
143,531,9
143,534,18
143,536,13
143,538,15
143,539,12
143,541,12
143,548,12
143,549,159
143,550,11
143,551,11
143,555,39
143,557,117
143,561,20
143,569,8
143,571,8
143,579,134
143,583,81
143,585,19
143,587,85
143,588,16
143,593,22
143,598,20
143,603,27
143,604,64
143,609,14
143,611,13
143,616,36
143,617,19
143,621,23
143,627,9
143,628,10
143,631,29
143,636,226
143,644,43
143,645,22
143,671,137
143,681,26
143,701,79
143,751,20
143,861,13
143,891,15
143,941,143
143,942,28
143,951,41
143,952,16
143,971,19
143,991,26
143,992,13
143,1021,21
143,1041,45
143,1051,17
143,1061,215
143,1071,58
143,1091,21
143,1111,34
143,1121,37
143,1122,8
143,1281,11
143,1291,124
143,1292,17
143,1301,85
143,1302,25
143,1311,23
143,1321,11
143,1371,25
143,1372,8
143,1411,11
143,1412,22
143,1421,20
143,1471,27
143,1481,32
143,1521,8
143,1541,20
143,1552,20
143,1581,70
143,1591,81
143,1592,106
143,1602,15
143,1621,17
143,1631,135
143,1641,10
143,1661,20
143,1671,16
143,1691,11
143,1701,39
143,1711,14
143,1721,307
143,1731,185
143,1761,12
143,1781,15
143,1831,10
143,1841,11
143,1851,22
143,1871,28
143,1881,47
143,1901,13
143,1981,70
143,1991,8
143,2001,417
143,2021,75
143,2061,12
143,2071,16
143,2091,38
143,2111,53
143,2201,27
143,2221,15
143,2231,14
143,2251,129
143,2261,29
143,2271,170
143,2301,18
143,2421,9
143,2841,8
143,4121,20
143,4152,8
152,1,19
152,9,33
152,13,20
152,15,59
152,16,10
152,17,80
152,25,212
152,26,238
152,27,9
152,28,168
152,29,10
152,30,23
152,32,17
152,33,8
152,34,17
152,35,101
152,39,38
152,47,24
152,48,49
152,49,10
152,50,19
152,52,13
152,59,8
155,1,1486
155,2,313
155,3,737
155,5,152
155,6,20
155,7,34
155,10,31
155,20,72
155,21,1518
155,31,439
155,41,93
155,51,110
155,61,767
155,71,90
155,81,2294
155,91,19
155,101,233
155,111,40
155,121,2915
155,141,431
155,151,264
155,161,1053
156,1,126
156,5,59
156,11,97
156,21,110
156,61,26
156,71,30
156,121,516
156,131,204
156,141,105
156,151,597
156,161,578
156,881,59
156,882,29
156,891,59
156,892,28
156,901,42
156,931,37
156,941,14
156,951,26
156,971,28
156,991,94
177,1,446
177,3,49
177,5,11
177,6,98
177,7,10
177,9,26
177,10,12
177,12,9
177,15,519
177,16,415
177,17,195
177,18,204
177,19,134
177,20,42
177,21,56
177,22,16
177,23,9
177,25,55
177,26,309
177,27,34
177,28,29
177,29,32
177,31,100
177,32,27
177,33,319
177,34,111
177,35,37
177,36,138
177,37,38
177,39,80
177,40,12
177,41,119
177,45,263
177,46,121
177,47,21
177,48,116
177,49,9
177,51,108
177,60,180
177,70,27
177,90,34
177,300,23
183,10,42
183,11,8
183,12,40
185,1,10
185,2,262
185,3,932
185,5,284
185,11,336
185,31,60
185,41,2035
185,51,492
185,61,365
185,71,169
185,81,121
185,91,613
185,101,174
185,111,11
185,141,50
185,151,74
185,161,44
185,171,49
187,1,269
187,2,339
187,3,12
187,4,58
187,5,153
187,6,566
187,9,24
187,10,293
187,12,85
187,13,123
187,14,115
187,15,8
187,16,14
187,17,111
187,18,89
187,19,30
187,22,71
187,23,30
187,24,42
187,25,154
187,26,222
187,27,521
187,28,557
187,29,99
187,31,27
188,1,35
188,5,42
188,9,620
188,10,20
188,11,195
188,13,9
188,18,23
188,19,10
188,21,227
188,24,17
188,25,31
188,27,15
188,31,798
188,32,12
188,33,678
188,35,251
188,36,277
188,37,21
188,38,109
188,41,126
188,51,35
188,52,9
188,55,293
188,58,39
188,61,14
188,65,56
188,66,39
189,11,39
189,12,36
189,21,79
189,31,107
189,32,270
189,61,23
189,62,20
189,71,214
189,81,28
189,91,76
194,10,23
194,15,8
194,21,43
194,42,26
194,54,29
194,60,15
194,68,11
194,72,30
194,74,17
194,82,21
194,88,115
237,1,36
237,2,65
237,3,74
237,4,68
237,6,122
237,7,23
237,10,13
237,11,73
237,16,84
237,17,16
237,18,30
237,19,44
237,21,281
237,25,15
237,26,1013
237,27,58
237,28,583
239,5,11
253,2,15
253,3,18
253,4,17
253,11,101
253,14,9
253,17,2038
253,18,2712
253,19,129
253,21,1693
253,22,4330
253,23,86
253,24,3248
253,28,10
253,29,15
253,30,148
253,31,207
253,32,519
253,33,1171
253,34,1608
253,35,1736
253,36,1470
253,37,481
253,38,17
253,39,9
253,40,718
253,41,466
253,49,46
253,50,239
253,51,74
253,53,255
253,54,366
253,62,1805
253,64,2743
253,65,1683
253,66,699
253,67,94
253,81,4362
253,91,26
253,101,9506
253,102,9
253,104,9
253,112,13
253,141,1131
253,151,344
268,1,37
268,2,25
268,5,287
268,7,115
268,16,89
268,17,70
268,24,65
268,25,18
268,33,287
268,34,189
268,35,81
268,36,768
268,37,89
268,38,28
268,39,11
268,40,12
268,49,14
279,2,96
279,10,238
281,11,1038
281,21,4037
281,31,201
281,32,2479
281,41,408
281,42,22
281,51,2889
281,52,6673
281,61,304
281,71,658
281,90,14
281,140,15
281,141,8
281,171,16
281,201,409
281,202,1698
281,210,11
281,221,27
281,231,811
281,261,262
281,360,11
281,361,21
281,911,9
281,1041,1253
283,6,10
299,1,1796
299,2,445
299,3,1154
299,4,866
299,6,152
299,7,1049
299,8,497
299,9,343
299,11,1633
299,19,818
299,21,2274
299,23,890
299,24,170
299,26,43
299,27,235
299,28,191
299,29,72
299,30,36
299,31,266
299,32,2971
299,33,376
299,34,175
299,36,207
299,37,606
299,38,30
299,39,99
299,40,24
299,41,2478
299,42,43
299,43,40
299,45,4126
299,46,125
299,47,37
299,48,197
299,49,615
299,50,21
299,51,48
299,52,142
299,53,39
299,54,86
299,55,490
299,56,22
299,57,56
299,59,306
299,60,89
299,61,1138
299,62,356
299,63,758
299,64,226
299,65,631
299,69,35
299,72,37
299,73,1364
299,111,28
299,131,16
301,2,16
301,3,9
301,6,52
301,8,18
301,9,102
301,13,93
301,15,9
301,16,30
301,19,147
301,27,53
301,28,17
301,33,37
301,37,44
301,39,43
301,41,40
301,42,15
301,43,31
301,44,8
301,46,26
301,47,11
301,48,45
301,49,11
301,50,28
301,52,45
301,56,8
301,58,16
301,59,24
301,60,8
301,63,114
301,64,97
301,68,41
301,70,27
301,71,11
301,72,10
301,75,61
301,79,106
301,80,8
301,87,38
301,88,15
301,95,9
301,97,21
301,102,11
301,104,101
301,106,8
301,114,134
301,118,52
301,119,91
301,123,22
301,125,88
301,127,73
301,128,66
301,129,129
301,130,8
301,133,18
301,138,83
301,141,13
301,142,53
301,152,16
301,155,47
301,156,46
301,162,54
301,163,14
301,172,33
301,175,62
301,176,28
301,178,117
301,179,12
301,181,67
301,182,14
301,184,16
301,186,100
301,187,66
301,192,39
301,193,32
301,198,120
301,202,36
301,209,40
301,210,14
301,212,29
301,224,163
301,226,21
301,228,14
301,229,41
301,232,147
301,235,14
310,30,10
310,41,12
312,1,3122
312,2,78
312,3,147
312,5,906
312,6,189
312,7,32
312,8,79
312,9,29
312,12,18
312,14,1726
312,16,455
312,17,159
312,18,1038
312,19,2986
312,23,98
312,61,1082
312,62,3873
312,70,27
312,71,157
312,72,82
312,81,116
312,82,638
312,91,31
312,92,58
312,100,53
312,101,22
312,102,29
312,110,18
312,111,268
312,112,118
312,121,165
312,130,13
312,131,70
312,132,35
312,141,391
312,142,88
312,151,87
312,160,44
312,161,30
312,170,141
312,171,32
312,172,63
312,181,51
312,191,38
312,201,8
312,210,14
312,212,18
312,221,9
312,241,114
312,251,43
312,261,24
312,291,9
312,301,9
312,311,50
312,321,11
312,341,56
312,371,13
312,381,38
312,391,39
312,401,15
312,411,43
312,421,13
312,431,12
312,450,30
312,451,394
312,461,114
312,471,264
312,481,137
312,491,1429
312,492,1702
312,500,69
312,501,71
312,510,35
312,511,49
312,521,15
312,541,80
312,551,220
312,561,8
312,592,26
312,610,34
312,611,20
312,621,40
312,622,9
312,631,172
312,632,39
312,641,544
312,642,724
312,651,940
312,662,34
312,681,891
312,691,147
312,701,91
312,711,60
312,721,42
312,731,27
312,741,54
312,801,168
312,811,8
312,821,9
312,831,16
312,841,17
312,861,1835
312,871,34
312,1000,68
312,1010,8
312,1011,321
312,1021,79
312,1030,15
312,1031,155
312,1041,76
312,1051,660
312,1061,614
312,1071,141
312,2401,19
313,2,10
322,1,415
322,2,374
322,3,25
322,4,1106
322,5,699
322,6,45
322,7,485
322,8,116
322,9,211
322,11,8
322,12,214
322,13,1145
322,20,4554
322,21,3047
335,10,265
338,101,8
338,141,181
341,1,45
341,2,8
341,3,16
341,1141,9
341,1160,16
341,1161,44
341,1221,13
341,1251,13
341,1321,10
346,1,77
346,2,494
346,3,12
346,5,29
346,6,164
346,7,446
346,8,3269
346,9,64
346,11,35
346,12,652
346,13,110
346,14,104
346,15,30
346,16,21
346,18,23
346,19,870
346,21,90
346,22,36
346,23,277
346,24,33
346,25,69
346,26,258
346,27,21
346,28,15
346,29,11
346,30,17
346,31,16
346,33,165
346,34,9
346,35,883
346,36,35
346,38,328
346,39,84
346,40,14
346,41,14
346,42,70
346,43,42
346,45,266
346,46,20
346,47,241
346,48,372
346,49,12
346,50,16
346,51,200
346,61,73
346,71,978
346,81,144
346,91,41
346,101,75
346,110,12
346,121,80
346,131,122
346,141,55
346,151,17
346,161,125
346,171,36
346,181,41
346,311,45
346,321,16
346,411,10
346,511,135
346,611,24
346,701,8
346,711,218
346,721,28
346,741,19
346,851,14
346,871,19
346,881,2029
346,891,456
347,15,82
351,2,139
351,3,368
351,4,86
351,5,56
351,6,196
351,7,145
351,8,107
351,11,32
351,12,121
351,13,12
351,14,17
351,16,15
351,17,12
351,18,14
351,19,16
351,20,31
351,21,187
351,22,114
351,23,40
351,24,22
351,25,19
351,28,24
351,29,11
351,31,8
351,33,11
351,34,32
351,35,34
351,36,11
351,37,11
351,38,11
351,39,12
351,43,236
351,44,13
351,45,167
351,49,13
351,51,41
351,52,35
351,64,19
351,65,13
351,78,23
351,96,22
351,105,8
361,2,8
361,5,20
361,7,14
361,8,18
361,9,44
361,10,22
361,12,14
361,17,9
361,19,66
361,21,10
361,23,30
361,24,10
361,25,13
361,33,25
361,50,15
361,56,14
361,58,110
361,66,25
361,72,13
361,83,14
361,91,26
361,111,20
361,112,14
361,113,23
361,121,159
361,131,52
361,141,57
361,151,8
361,161,21
361,171,42
361,192,45
361,201,14
361,202,91
361,232,31
361,241,9
361,312,8
361,351,13
361,411,15
361,441,39
361,481,10
361,521,34
361,571,39
361,581,26
361,591,17
361,641,16
361,651,15
361,681,13
361,721,17
361,771,44
361,911,11
361,951,54
361,2201,43
361,2211,9
361,2221,14
361,2271,9
361,2301,64
361,2321,10
361,2351,13
361,2361,48
380,3,285
380,4,516
386,221,52
386,281,19
388,1,47
388,2,42
388,3,10
388,4,8
388,7,30
388,11,11
388,16,17
388,18,53
388,19,10
388,23,26
388,24,111
388,25,13
388,26,115
388,27,22
388,28,15
388,31,27
388,32,9
388,33,19
388,34,19
388,36,28
388,37,178
388,41,51
388,43,26
388,46,8
388,48,28
388,58,10
388,65,243
388,66,76
388,69,102
388,70,126
388,72,130
388,73,61
388,74,9
388,75,9
388,78,9
388,79,8
388,80,8
388,91,10
388,96,8
388,104,8
388,108,32
388,109,100
388,110,45
388,111,9
388,113,183
388,118,9
388,120,21
388,122,18
388,123,111
388,124,112
388,127,11
388,128,71
388,129,68
388,130,46
388,135,29
388,137,12
388,145,18
388,146,26
388,149,15
388,154,10
388,156,45
388,157,8
388,161,34
388,162,18
388,167,56
388,178,33
388,261,17
388,262,10
388,292,10
388,511,15
388,512,40
388,581,23
388,591,20
388,711,9
388,721,197
388,741,866
388,801,79
388,811,34
388,841,38
388,861,71
388,871,70
388,901,27
388,911,20
388,921,9
388,931,17
388,941,47
388,951,41
388,981,88
388,1961,8
388,1981,26
388,1991,71
388,2921,25
388,2941,68
388,2961,30
388,2981,11
388,3041,13
388,3061,16
388,3081,23
402,3,35
403,1,89
403,2,553
403,4,25
403,9,24
403,12,16
403,14,70
403,15,598
403,16,99
403,21,28
403,31,90
403,41,230
403,50,73
403,60,434
403,61,1319
404,1,8
404,2,32
404,8,32
404,9,12
404,10,34
404,11,17
404,13,26
404,14,19
404,15,28
404,19,8
404,21,8
404,24,66
404,27,11
404,29,289
404,30,309
404,31,51
404,32,122
404,33,45
404,34,72
404,35,81
404,36,49
404,39,46
404,40,91
404,43,143
404,44,111
404,46,22
404,47,98
404,50,200
404,51,35
404,53,156
404,54,128
404,56,20
404,58,12
404,59,127
404,60,249
404,61,13
404,62,10
404,63,15
404,64,17
404,71,8
404,73,70
404,74,8
404,76,27
404,77,53
404,79,58
404,80,14
404,81,20
404,85,10
404,87,32
404,89,37
404,90,63
404,91,96
404,94,39
404,95,61
404,98,24
404,103,20
404,104,23
404,111,43
404,112,23
404,118,18
404,119,14
404,120,8
404,121,10
404,131,8
404,141,11
404,181,11
404,201,10
404,251,8
404,261,33
404,281,163
404,291,126
404,301,20
404,341,21
413,1,1222
413,7,18
413,8,374
413,9,444
413,11,104
413,12,168
413,13,581
413,14,929
413,15,334
413,16,327
413,17,1354
413,18,402
413,19,233
413,20,44
413,21,184
413,22,43
413,23,143
413,24,24
413,25,64
413,26,111
413,27,163
413,28,104
413,29,510
413,30,209
413,31,73
413,32,946
413,33,1391
413,34,606
413,35,384
413,39,8
413,40,17
413,41,129
413,42,91
413,44,103
413,45,55
413,46,22
413,47,165
413,48,174
413,49,330
413,50,657
413,51,322
413,52,162
413,53,86
413,54,586
413,56,511
413,58,312
413,59,376
413,61,18
413,62,290
413,63,145
413,64,550
413,65,76
413,66,541
413,67,146
413,68,518
413,69,178
413,70,8
413,71,13
413,72,419
413,73,139
413,74,80
413,75,13
413,76,15
413,77,18
413,78,29
413,81,9
413,82,800
413,83,27
413,84,15
413,86,51
413,87,103
413,89,14
413,91,23
413,93,8
413,94,34
413,96,50
413,97,21
413,100,370
413,101,9
413,110,466
413,111,69
413,120,411
413,121,26
413,123,14
413,131,13
413,140,13
413,141,16
413,147,25
413,150,37
413,151,342
413,155,20
413,157,19
413,161,24
413,184,38
413,200,65
413,207,98
413,210,11
413,211,20
413,213,136
413,220,97
413,225,87
413,226,146
413,227,21
413,230,110
413,231,10
413,241,43
413,250,10
413,257,94
413,259,12
413,261,39
413,270,15
413,271,134
413,274,10
413,281,11
413,290,36
413,300,150
413,301,279
413,302,1149
413,310,115
413,311,1566
413,321,298
413,330,16
413,331,2730
413,340,36
413,341,15
413,351,1019
413,361,192
413,371,104
413,400,236
413,401,88
413,411,131
413,421,325
413,422,587
413,431,172
413,432,176
413,441,42
413,442,128
413,451,68
413,461,11
413,471,180
413,481,174
413,490,48
413,491,5630
413,493,1165
413,500,32
413,501,5295
413,502,38
413,511,620
413,512,143
413,521,144
413,522,342
413,531,134
413,532,606
413,541,227
413,551,35
413,552,56
413,562,36
413,571,23
413,572,81
413,581,18
413,582,69
413,591,20
413,592,105
413,622,27
413,641,3816
413,651,2347
413,661,72
413,671,264
413,681,86
413,691,9
413,700,224
413,711,13
413,731,48
413,741,19
413,750,510
413,751,43
413,800,413
413,801,17
413,811,18
413,841,10
413,850,689
413,851,18
413,871,11385
413,881,5538
413,900,495
413,901,41
413,911,11
413,921,118
413,931,321
413,941,84
413,950,133
413,981,41
413,991,8
413,1000,238
413,1001,2725
413,1011,2610
413,1021,9
413,1031,233
413,1041,20
413,1051,44
413,1061,213
413,1071,114
413,1131,12
413,1141,615
413,1151,112
413,1161,165
413,1171,453
413,1181,723
413,1191,288
413,1201,45
413,1500,100
413,1600,295
413,1700,80
413,1800,254
413,1801,70
413,1900,8
413,2000,46
413,2011,81
413,2021,113
413,2031,376
413,2041,124
413,2051,33
413,2061,32
413,2071,1502
413,2081,559
413,2100,147
413,2101,36
413,2300,129
413,2301,17
413,2500,93
413,3001,12
413,3011,16
413,7100,8
413,7200,14
413,7500,17
413,8200,54
413,8510,23
413,8511,23
413,8611,13
413,8612,21
413,8613,76
413,8710,22
416,8,12
416,11,404
416,14,38
416,15,273
416,16,266
416,17,402
416,18,108
416,21,586
416,26,8
416,27,17
416,28,75
416,29,17
416,30,13
416,31,171
416,32,116
416,33,233
416,38,96
416,39,186
416,41,24
416,42,61
416,45,107
416,55,1247
416,56,170
416,57,555
416,58,82
416,59,828
416,60,57
416,62,10
416,65,96
416,66,37
416,67,99
416,68,1316
416,69,9
416,71,16
416,72,18
416,84,1418
416,85,6230
416,86,659
416,87,101
416,88,101
416,89,24
416,91,348
416,94,1043
416,95,36
416,96,74
416,97,25
416,101,269
416,109,137
416,111,169
416,116,217
416,117,40
416,118,52
416,119,13
416,120,718
416,121,548
416,122,4566
416,123,248
416,124,380
416,125,117
416,131,124
416,132,167
416,133,9
416,141,35
416,142,34
416,145,72
416,146,1354
416,149,248
416,154,768
416,156,39
416,157,8
416,165,67
416,166,11
416,167,9
416,168,1030
416,177,10
416,202,13
416,238,8
416,239,11
416,249,9
416,256,40
423,1,292
423,6,24
423,8,30
423,9,381
423,10,82
423,11,65
423,14,298
423,15,141
423,17,150
423,19,56
423,20,67
423,21,129
423,22,133
423,23,86
423,24,93
423,25,13
430,1,414
430,2,788
430,3,913
430,4,109
430,5,206
430,6,21
430,7,336
430,8,254
430,9,159
430,10,50
430,11,99
430,12,1121
430,13,806
430,14,611
430,15,168
430,16,60
430,17,244
430,18,82
430,19,527
430,21,1366
430,22,295
430,23,81
430,24,228
430,25,681
430,26,354
430,27,178
430,28,280
430,29,215
430,30,358
430,31,168
430,32,325
430,33,49
430,34,113
430,36,117
430,37,82
430,38,21
430,39,82
430,40,55
430,41,106
430,42,125
430,43,159
430,51,12
430,61,121
430,71,162
430,72,9
430,73,8
430,76,19
430,78,50
430,79,487
430,81,1530
430,82,233
430,91,205
430,92,17
430,111,166
430,112,214
430,115,10
430,118,184
430,119,468
430,120,12
430,121,949
430,122,14
430,131,17
430,141,825
430,151,20
430,161,359
430,171,163
430,4011,9
430,4031,169
430,4041,100
430,5001,51
432,11,10
443,21,153
443,31,100
445,1,556
445,3,609
445,5,76
451,1,28
451,6,40
451,8,12
451,10,26
451,11,417
451,12,211
451,16,183
451,21,9
451,22,38
451,23,380
451,24,121
452,1,120
452,2,35
452,9,24
452,10,205
452,11,123
452,12,44
452,13,34
452,14,12
452,21,50
459,1,23
459,2,12
459,3,8
459,10,13
459,13,17
459,14,15
459,17,10
459,18,12
459,19,17
459,20,88
459,21,29
459,22,67
459,23,81
459,24,13
459,25,12
459,26,30
459,27,22
459,28,46
459,29,18
459,31,25
459,33,17
459,34,18
459,35,14
459,37,28
459,46,19
459,47,61
459,48,19
459,49,9
459,50,8
459,52,14
459,53,55
459,54,9
459,57,10
459,62,13
459,71,29
459,100,22
459,101,8
459,111,18
459,121,25
459,130,34
459,131,10
465,2,14
465,4,12
465,15,13
465,29,22
465,37,33
465,39,29
465,49,10
465,63,23
465,64,22
465,511,10
465,722,10
465,862,8
465,892,30
465,1112,52
465,1211,25
465,1231,12
465,1241,9
465,1261,36
465,1291,16
465,1311,8
465,3511,13
481,1,30
481,2,105
481,4,70
481,5,117
481,6,2136
481,7,3630
481,8,972
481,10,13
481,11,1346
481,14,11
481,15,6934
481,16,2356
481,19,153
481,20,8
481,21,908
481,22,378
481,23,628
481,24,793
481,25,232
481,26,37
481,30,10
481,31,913
481,32,8
481,35,162
481,36,72
481,37,59
481,39,187
481,41,10
481,43,73
481,44,21
481,49,179
481,50,12
481,51,323
481,58,139
481,59,246
481,61,583
481,62,247
481,63,27
481,64,24
481,67,17
481,68,20
481,70,14
481,71,376
481,77,861
481,78,560
481,79,37
481,82,111
481,83,2393
481,84,1148
481,85,116
481,86,1350
481,87,1168
481,88,284
481,90,29
481,92,1587
481,93,1732
481,96,4212
481,97,164
481,98,201
481,99,2165
481,101,37
481,102,266
481,103,113
481,104,127
481,105,96
481,106,87
481,111,18
481,113,7001
481,114,969
481,120,186
481,122,63
481,123,243
481,124,762
481,125,1511
481,127,81
481,128,214
481,129,72
481,130,14
481,131,77
481,132,146
481,133,85
481,134,82
481,135,2242
481,136,279
481,137,1143
481,141,15
481,144,369
481,145,354
481,150,182
481,153,155
481,156,470
481,157,3143
481,158,1814
481,159,215
481,160,25
481,161,88
481,162,1215
481,163,180
481,165,800
481,166,551
481,167,28
481,168,33
481,169,63
481,171,68
481,172,38
481,173,26
481,174,27
481,179,652
481,181,55
481,182,2639
481,183,12
481,184,9
481,185,19
481,191,250
481,200,8
481,201,10
481,210,422
481,211,1269
481,221,259
481,222,16
481,231,110
481,232,15
481,241,171
481,260,29
481,261,8
481,267,10
481,271,24
481,281,203
481,291,14
481,292,66
481,293,21
481,315,32
481,320,126
481,321,12
481,331,104
481,349,13
481,350,8
481,351,49
481,360,29
481,361,1420
481,371,211
481,381,50
481,391,33
481,392,16
481,411,37
481,421,22
481,422,15
481,440,51
481,441,1745
481,442,4472
481,450,23
481,451,215
481,453,452
481,461,192
481,462,68
481,471,237
481,472,34
481,481,13
481,491,53
481,521,18
481,522,15
481,531,28
481,532,67
481,541,12
481,550,226
481,551,85
481,552,22
481,561,169
481,562,524
481,581,27
481,582,145
481,591,22
481,592,199
481,600,64
481,630,9
481,631,17
481,641,63
481,642,655
481,650,131
481,651,17
481,652,608
481,662,64
481,670,94
481,671,33
481,672,352
481,681,22
481,691,149
481,730,21
481,731,326
481,741,77
481,751,603
481,761,263
481,771,57
481,781,12
481,791,5041
481,800,20
481,850,12
481,851,285
481,861,58
481,871,83
481,881,676
481,891,59
481,901,75
481,921,147
481,931,149
481,941,23
481,951,1150
481,961,170
481,971,74
481,981,110
481,991,50
481,1000,12
481,1021,586
481,1031,476
481,1041,1782
481,1071,466
481,1081,26
481,1091,10
481,1111,289
481,1131,77
481,1161,333
481,1171,307
481,1181,287
481,1241,1933
481,1260,11
481,1261,12
481,1341,39
481,1351,195
481,1371,108
481,1381,210
481,1401,286
481,1411,103
481,1421,90
481,1431,664
481,1441,328
481,1451,253
481,1600,28
481,1611,497
481,1700,8
481,2000,207
481,2001,21
481,3041,32
481,3042,14
481,5000,45
488,1,246
488,2,215
488,4,35
488,5,13
488,6,10
488,11,83
488,12,8
488,17,365
488,19,15
488,20,208
488,21,60
488,22,84
488,35,8
488,83,135
488,121,13
488,123,11
488,163,14
488,197,18
488,199,9
488,204,45
488,205,16
488,234,8
488,245,15
488,256,12
488,276,10
488,334,13
490,1,541
490,2,81
490,3,32
490,8,81
490,10,34
490,11,422
490,13,16
490,15,50
492,11,53
496,2,310
496,3,205
496,4,267
496,5,187
496,6,115
496,9,400
496,10,70
496,11,161
496,13,175
496,14,15
496,17,13
496,18,8
496,21,100
496,22,10
496,25,9
496,26,15
496,27,74
496,28,136
496,29,15
496,31,40
496,33,41
496,34,30
496,35,229
496,36,680
496,37,2339
496,39,301
496,40,373
496,41,30
496,51,133
496,52,272
496,56,128
496,57,27
496,58,116
496,61,44
496,62,138
496,63,138
496,64,22
496,66,158
496,67,95
496,68,203
496,69,10
496,72,275
496,73,87
496,79,25
496,81,551
496,82,165
496,87,19
496,111,19
496,120,50
496,128,12
496,129,9
496,131,20
496,149,20
496,151,156
496,153,9
496,154,17
496,160,88
496,161,402
496,168,44
496,176,15
496,200,20
496,211,210
496,221,27
496,241,8
496,251,127
496,450,261
496,650,11
496,750,354
496,850,37
496,1500,20
496,1600,21
502,1,2013
502,3,1949
502,4,40
502,5,724
502,6,9
502,7,10
502,8,40
502,9,22
502,30,162
502,41,1969
502,51,5426
502,61,87
502,80,51
502,81,856
502,111,154
502,121,8
502,141,428
503,2,61
503,3,11
503,40,37
503,50,19
503,90,63
513,2,8
513,1591,21
513,1611,106
516,1,286
516,2,77
516,3,65
516,4,37
516,7,50
516,9,45
516,10,169
516,12,61
516,20,217
516,30,18
516,40,32
518,15,9
518,30,18
518,390,15
544,4,36
544,5,218
544,6,16
544,7,137
544,8,22
544,11,15
544,13,157
544,14,130
544,15,33
544,16,112
544,22,24
544,24,13
551,1,51
551,4,71
551,5,11
551,11,240
551,12,11
551,13,46
551,16,15
551,21,174
551,22,29
551,24,24
551,26,53
551,27,16
551,33,23
551,34,10
551,36,23
551,39,15
551,40,31
551,42,43
551,44,61
551,45,43
551,46,14
551,47,44
551,48,36
551,49,12
551,53,79
551,54,234
551,55,56
551,57,20
551,60,24
551,62,590
551,65,80
551,66,29
551,67,10
551,70,19
551,71,9
551,73,9
551,74,16
568,11,132
568,20,28
588,1,3155
588,2,4564
588,3,554
588,4,1654
588,5,151
588,10,60
588,11,446
588,12,64
588,14,1749
588,15,733
588,16,31
588,17,66
588,18,73
588,19,369
588,21,1117
588,22,18
588,23,293
588,24,168
588,27,68
588,28,99
588,29,484
588,30,1419
588,31,1306
588,32,154
588,33,221
588,34,200
588,35,237
588,36,415
588,37,98
588,38,150
588,39,2036
588,40,462
588,41,54
588,42,42
588,43,10
588,44,40
588,45,14
588,46,55
588,47,15
588,48,680
588,49,202
588,50,2063
588,51,2100
588,52,85
588,53,618
588,54,230
588,55,1135
588,56,158
588,61,149
588,64,18
588,66,13
588,71,283
588,76,134
588,77,17
588,80,27
588,83,44
588,84,23
588,85,910
588,86,79
588,87,95
588,88,40
588,89,263
588,90,36
588,91,17
588,92,19
588,93,30
588,94,8
588,95,10
588,96,9
588,100,144
588,101,37
588,102,15
588,106,23
588,110,31
588,111,467
588,113,104
588,114,208
588,115,57
588,116,2549
588,117,615
588,118,88
588,119,112
588,121,39
588,122,230
588,123,152
588,124,38
588,125,180
588,126,150
588,127,78
588,128,80
588,129,11
588,131,16
588,133,185
588,135,324
588,136,803
588,137,256
588,138,641
588,139,48
588,140,255
588,141,136
588,142,150
588,143,255
588,146,102
588,147,368
588,148,23
588,149,29
588,150,303
588,151,32
588,152,98
588,153,346
588,154,155
588,155,78
588,156,60
588,157,215
588,158,43
588,159,14
588,161,141
588,162,124
588,163,125
588,164,83
588,165,37
588,168,39
588,169,18
588,171,479
588,172,29
588,173,19
588,180,11
588,181,2291
588,190,8
588,191,372
588,200,26
588,201,4139
588,211,216
588,221,20
588,231,445
588,241,88
588,251,260
588,252,63
588,261,155
588,262,28
588,271,545
588,281,2883
588,282,1641
588,291,4738
588,292,13825
588,300,15
588,301,8
588,311,115
588,320,22
588,321,987
588,331,82
588,361,49
588,371,1851
588,381,442
588,391,1529
588,400,211
588,401,121
588,411,2636
588,421,315
588,431,10615
588,441,19
588,461,210
588,471,53
588,481,19
588,491,155
588,501,99
588,591,1274
588,601,311
588,611,113
588,621,891
588,631,248
588,641,1061
588,651,309
588,661,12677
588,671,11
588,681,80
588,691,29
588,741,1432
588,742,855
588,751,3461
588,752,1800
588,771,1455
588,772,861
588,781,7983
588,791,606
588,792,429
588,801,1801
588,811,711
588,901,246
588,911,64
588,931,147
588,941,97
588,1111,9
588,1211,308
588,1311,120
588,2223,44
588,2224,25
588,3333,50
590,1,17
590,4,289
590,8,129
590,9,195
590,10,17
590,12,298
590,13,104
590,14,248
590,15,674
590,16,167
590,17,63
590,19,43
590,20,75
590,21,72
590,25,57
590,26,458
590,27,278
590,28,420
590,29,2290
590,30,84
590,32,581
590,33,128
590,34,235
590,35,76
590,36,22
590,37,106
590,38,28
590,39,113
590,41,248
590,42,521
590,43,127
590,44,49
590,45,53
590,46,10
590,47,15
590,48,14
590,49,728
590,51,10
590,53,9
590,54,133
590,55,49
590,56,67
590,57,30
590,58,38
590,59,137
590,62,407
590,63,3673
590,64,152
590,65,252
590,66,119
590,67,127
590,68,54
590,69,201
590,71,19
590,72,93
590,73,39
590,74,82
590,76,1294
590,77,38
590,78,61
590,79,280
590,82,1518
590,83,954
590,84,1025
590,85,57
590,86,126
590,87,34
590,88,73
590,89,97
590,91,9
590,93,132
590,94,74
590,95,35
590,96,384
590,97,33
590,98,1268
590,99,191
590,100,29
590,101,1922
590,103,891
590,104,2327
590,105,32
590,106,27
590,107,131
590,109,100
590,112,104
590,114,303
590,115,21
590,116,28
590,118,678
590,121,98
590,122,54
590,123,103
590,130,14
590,150,11
590,170,34
590,171,22
590,191,535
590,201,15
590,211,47
590,212,19
590,221,40
590,231,19
590,232,49
590,241,52
590,242,17
590,250,34
590,251,52
590,271,10
590,281,23
590,291,85
590,300,12
590,301,26
590,311,30
590,321,156
590,331,41
590,332,389
590,361,65
590,371,45
590,372,188
590,381,75
590,383,9
590,391,601
590,392,379
590,400,31
590,401,243
590,431,4883
590,441,39
590,442,95
590,461,167
590,480,11
590,481,62
590,482,8
590,491,69
590,500,23
590,501,34
590,511,4747
590,521,301
590,531,64
590,551,56
590,591,185
590,601,153
590,611,237
590,621,390
590,631,848
590,641,185
590,651,81
590,661,226
590,671,39
590,681,60
590,691,30
590,700,12
590,701,12
590,711,17
590,721,8
590,731,48
590,751,95
590,761,19
590,781,40
590,791,123
590,801,155
590,804,8
590,811,46
590,819,8
590,841,94
590,850,39
590,851,1853
590,861,76
590,871,38
590,881,241
590,891,31
590,901,322
590,911,22
590,921,91
590,931,237
590,941,69
590,961,66
590,971,27
590,981,89
590,991,53
590,1001,273
590,1011,69
590,1021,22
590,1031,11
590,1041,80
590,1051,47
590,1061,10
590,1071,92
590,1200,12
590,1300,260
590,1400,12
590,1500,154
590,1550,34
590,1600,56
590,1700,90
590,1800,10
590,2000,18
590,2700,8
593,1,15
593,2,35
593,3,28
593,4,41
593,5,12
593,7,68
593,9,11
593,10,44
593,12,60
593,13,26
593,14,21
593,15,10
593,16,26
593,19,34
593,24,14
593,27,30
593,28,20
593,38,17
593,39,108
593,40,19
593,42,25
593,44,13
593,46,13
593,47,8
593,48,34
593,49,71
593,52,27
593,53,47
593,54,27
593,57,17
593,59,66
593,60,20
593,61,19
593,63,11
593,71,29
593,76,25
593,85,18
593,87,12
593,89,53
593,94,210
593,95,31
593,96,18
593,99,16
593,102,29
593,104,31
593,105,26
593,107,45
593,108,10
593,111,13
593,114,63
593,125,12
593,126,174
593,127,301
593,128,57
593,129,65
593,130,19
593,131,13
593,142,30
593,149,16
593,152,24
593,155,8
593,159,8
593,167,13
593,169,18
593,177,17
593,178,64
593,179,28
593,181,8
593,182,140
593,184,36
593,186,34
593,192,10
593,195,29
593,201,33
593,203,38
593,206,43
593,208,18
593,210,131
593,214,98
593,215,48
593,216,47
593,218,8
593,225,24
593,226,12
593,233,82
593,237,98
593,240,179
593,241,13
593,242,40
593,246,197
593,249,28
593,254,11
593,259,11
593,260,35
593,262,11
593,263,135
593,265,93
593,266,15
593,267,44
593,272,12
593,295,88
593,302,8
593,303,50
593,304,25
593,305,32
593,309,228
593,310,142
593,311,12
593,319,11
593,321,23
593,325,9
593,326,13
593,332,75
593,334,32
593,335,24
593,338,10
593,339,10
593,341,50
593,345,17
593,350,23
593,352,22
593,353,22
593,354,10
593,357,41
593,361,10
593,373,29
593,379,22
593,380,14
593,383,101
593,390,9
593,397,10
593,398,13
593,401,27
593,412,23
593,414,62
593,416,190
593,418,163
593,419,34
593,420,92
593,422,15
593,423,21
593,425,14
593,427,9
593,432,53
593,436,8
593,453,20
593,458,31
593,460,24
593,465,20
593,470,17
593,473,58
593,474,23
593,476,29
593,478,23
593,480,42
593,482,9
593,485,13
593,488,14
593,494,30
593,508,12
593,514,8
593,519,8
593,537,15
593,539,13
593,540,9
593,545,10
593,553,9
593,557,9
593,558,8
593,563,8
593,572,44
593,583,9
593,585,17
593,589,8
593,590,23
593,592,14
593,593,12
593,605,45
593,610,8
593,613,8
593,650,10
593,654,22
593,671,8
593,672,18
593,681,10
593,701,14
593,751,48
593,761,11
593,771,31
593,781,17
593,791,13
593,821,48
593,842,12
593,931,11
593,941,29
593,971,9
593,998,89
593,1007,18
593,1011,16
593,1017,26
593,1031,23
593,1051,83
593,1059,26
593,1060,23
593,1061,9
593,1153,15
593,1171,28
593,1181,29
593,1191,13
593,1197,141
593,1211,50
593,1222,8
593,1231,8
593,1241,51
593,1251,44
593,1257,15
593,1260,15
593,1262,12
593,1263,47
593,1271,19
593,1422,77
593,1438,53
593,1440,60
593,1459,8
593,1461,12
593,1468,13
593,1471,13
593,1496,81
593,1510,133
593,1531,151
593,1541,72
593,1551,63
593,1571,64
593,1581,40
593,1621,32
593,1631,22
593,1641,58
593,1711,13
593,1741,17
593,1751,20
593,1761,67
593,1801,35
593,1811,17
593,1875,128
593,1876,78
593,1881,39
593,1931,29
593,1971,28
593,1991,57
593,2001,11
593,2031,9
593,2494,54
593,2614,26
593,2677,36
593,2776,19
593,2799,66
593,2960,8
593,3029,25
593,3030,12
603,1,224
603,2,4449
603,3,3862
603,4,51
603,5,145
603,6,772
603,7,1700
603,8,25
603,9,3735
603,10,1744
603,11,19
603,12,2140
603,13,315
603,14,117
603,15,58
603,16,83
603,17,63
603,18,84
603,19,51
603,21,95
603,22,57
603,23,215
603,24,77
603,25,56
603,26,122
603,27,174
603,28,202
603,29,86
603,30,61
603,31,301
603,32,255
603,33,52
603,34,104
603,35,17
603,36,136
603,37,137
603,38,14
603,39,131
603,40,29
603,41,133
603,42,26
603,43,49
603,44,76
603,45,298
603,46,102
603,47,29
603,50,30
603,51,136
603,56,30
603,57,33
603,59,26
603,61,40
603,62,19
603,63,10
603,111,9
603,121,144
603,131,15
603,150,56
603,300,64
603,400,305
603,500,60
603,501,8
603,600,34
603,700,18
603,805,12
603,807,41
603,808,12
603,811,74
603,812,34
603,813,22
603,850,103
616,10,35
616,12,13
616,14,25
616,16,8
616,19,45
616,20,26
616,21,39
616,24,32
616,25,13
616,51,10
616,61,16
616,150,9
616,1300,9
624,2,8
624,4,31
624,5,23
624,6,20
624,9,20
624,10,8
624,11,33
624,12,18
624,14,39
624,15,165
624,16,41
624,19,10
624,21,20
624,23,30
624,24,9
624,32,35
624,33,59
624,34,20
624,35,10
624,38,14
624,39,8
624,40,27
624,42,345
624,44,37
624,45,22
624,47,15
624,48,10
624,49,59
624,53,8
624,54,283
624,59,80
624,60,153
624,61,23
624,62,11
624,63,20
624,88,8
624,91,11
624,92,36
624,100,59
624,111,14
624,120,283
624,130,8
624,131,33
624,141,45
624,151,90
624,181,25
624,201,9
624,211,12
624,221,45
624,241,17
624,250,53
624,261,9
624,291,11
624,300,51
624,301,19
624,311,19
624,321,221
624,341,18
624,361,50
624,371,73
624,411,77
624,461,10
624,471,126
624,491,65
624,500,59
624,501,37
624,510,9
624,511,20
624,520,9
624,521,105
624,531,12
624,571,12
624,600,18
624,601,24
624,611,24
624,650,21
624,711,29
624,1000,51
624,1001,54
624,1100,11
624,1101,98
624,1111,9
624,1141,44
624,1150,18
624,1161,38
624,1500,10
634,1,291
634,2,49
634,3,179
634,5,70
634,7,240
634,8,45
634,10,71
634,11,108
634,14,23
634,21,63
634,26,21
634,27,225
634,28,61
634,29,35
634,30,25
634,31,40
634,34,66
634,40,227
634,41,54
634,61,25
634,62,94
634,63,23
634,65,25
634,67,36
634,71,50
634,75,134
634,78,19
634,80,10
634,93,19
634,94,23
634,95,24
634,100,395
634,110,43
634,120,121
634,140,18
634,150,58
634,160,37
634,200,12
634,300,13
634,500,29
634,600,64
634,800,65
634,1000,32
637,1,1268
637,2,483
637,3,105
637,4,109
637,5,310
637,6,200
637,7,19
637,10,189
637,11,519
637,12,339
637,13,24
637,14,14
637,15,24
637,16,49
637,17,75
637,19,159
637,22,159
637,23,9
637,24,60
637,25,131
637,30,146
637,32,16
637,33,56
637,35,88
637,36,104
637,37,601
637,38,323
637,39,20
637,40,11
637,41,283
637,42,81
637,43,278
637,44,677
637,45,229
637,46,43
637,47,327
637,48,192
637,49,122
637,50,207
637,53,147
637,54,59
637,55,50
637,56,91
637,57,27
637,58,71
637,59,230
637,61,58
637,63,12
637,64,26
637,65,375
637,66,29
637,68,50
637,69,82
637,71,763
637,73,72
637,74,113
637,75,106
637,78,9
637,79,61
637,81,47
637,82,84
637,83,35
637,84,21
637,86,9
637,87,13
637,88,13
637,111,81
637,112,223
637,121,109
637,122,1028
637,131,29
637,132,279
637,141,23
637,161,96
637,168,14
637,171,191
637,180,8
637,181,298
637,191,36
637,201,119
637,211,194
637,221,79
637,231,843
637,241,22
637,251,245
637,271,139
637,281,146
637,291,460
637,301,15
637,311,123
637,331,30
637,431,13
637,471,715
637,481,3441
637,491,699
637,501,78
637,502,86
637,521,754
637,531,331
637,551,29
637,561,198
637,571,37
637,581,1010
637,591,171
637,600,13
637,601,533
637,611,77
637,811,456
644,171,18
644,3311,8
647,2,55
647,3,191
647,5,40
647,6,31
647,9,150
647,10,34
650,1,96
650,2,413
650,3,44
650,4,44
650,5,9
650,6,191
650,7,8
650,9,11
650,11,34
650,16,186
650,17,189
650,19,446
650,22,44
650,23,184
650,25,18
650,26,10
650,31,149
650,32,9
650,35,764
650,36,45
650,37,51
650,38,44
650,39,809
650,43,173
650,44,128
650,45,47
650,46,32
650,49,21
650,50,13
650,51,405
650,52,206
650,53,830
650,54,184
650,55,24
650,61,45
650,62,12
650,63,22
650,64,37
650,65,442
650,66,186
650,67,363
650,69,62
650,72,40
650,77,26
650,81,146
650,82,14
650,83,923
650,84,79
650,85,547
650,89,176
650,92,105
650,96,32
650,100,11
650,101,32
650,102,508
650,103,107
650,106,65
650,107,120
650,109,12
650,111,12
650,116,166
650,119,100
650,122,151
650,124,469
650,125,58
650,126,87
650,127,63
650,131,28
650,132,805
650,133,75
650,134,989
650,135,407
650,136,290
650,137,19
650,138,591
650,139,10
650,141,19
650,142,82
650,143,154
650,144,418
650,145,170
650,146,57
650,147,213
650,154,192
650,155,10
650,157,26
650,158,52
650,160,10
650,162,241
650,168,323
650,169,215
650,171,558
650,173,76
650,174,436
650,175,44
650,176,307
650,177,179
650,181,20
650,182,18
650,183,12
650,191,18
650,193,149
650,194,22
650,197,41
650,198,10
650,200,15
650,201,37
650,205,15
650,206,35
650,211,15
650,213,14
650,214,88
650,220,10
650,222,12
650,224,13
650,225,129
650,226,1173
650,227,260
650,228,176
650,229,215
650,233,784
650,234,51
650,235,9
650,236,22
650,237,97
650,238,21
650,239,32
650,241,105
650,243,263
650,245,315
650,246,356
650,247,547
650,248,91
650,249,15
650,251,81
650,253,77
650,254,104
650,256,24
650,257,37
650,258,86
650,260,19
650,261,1354
650,263,17
650,264,8
650,266,129
650,269,25
650,271,31
650,273,14
650,274,31
650,278,17
650,279,8
650,280,9
650,281,23
650,285,36
650,286,849
650,287,47
650,288,12
650,291,11
650,300,10
650,301,32
650,303,947
650,306,238
650,307,142
650,308,233
650,311,13
650,312,12
650,313,29
650,323,425
650,324,25
650,327,304
650,328,12
650,329,13
650,333,22
650,334,20
650,335,216
650,336,122
650,341,144
650,342,9
650,343,1030
650,344,9
650,351,9
650,352,16
650,361,29
650,362,80
650,371,40
650,372,97
650,382,21
650,392,11
650,400,8
650,411,206
650,412,516
650,421,8
650,442,15
650,452,9
650,472,26
650,483,98
650,491,19
650,492,8
650,493,110
650,521,15
650,522,24
650,531,18
650,532,36
650,542,8
650,543,18
650,561,11
650,581,462
650,591,11
650,600,8
650,601,23
650,611,276
650,620,20
650,621,21
650,631,38
650,633,70
650,661,57
650,691,53
650,700,8
650,701,38
650,711,13
650,741,307
650,742,24
650,743,687
650,752,44
650,771,63
650,781,44
650,801,984
650,821,13
650,841,124
650,851,9
650,860,14
650,861,943
650,870,15
650,871,67
650,881,75
650,891,9
650,901,25
650,911,9
650,921,12
650,931,56
650,951,51
650,961,11
650,971,12
650,981,39
650,1001,107
650,1011,329
650,1021,57
650,1061,11
650,1091,283
650,1111,156
650,1191,49
650,1200,15
650,1211,74
650,1221,16
650,1241,121
650,1251,10
650,1291,9
650,1301,15
650,1331,14
650,1341,223
650,1351,132
650,1400,11
650,1401,30
650,1431,122
650,1481,43
650,1501,67
650,1531,20
650,1540,8
650,1551,10
650,1561,200
650,1621,9
650,1631,514
650,1641,66
650,1651,94
650,1661,27
650,1700,15
650,1711,1510
650,1731,15
650,1791,19
650,1811,854
650,1821,56
650,1831,19
650,1841,96
650,1851,56
650,1861,19
650,1881,68
650,1891,101
650,1901,311
650,1911,97
650,1931,45
650,1951,33
650,1961,12
650,1971,18
650,1981,486
650,2011,118
650,2021,633
650,2041,121
650,2051,123
650,2061,448
650,2101,55
650,2191,25
650,2211,110
650,2230,26
650,2231,50
650,2241,69
650,2251,406
650,2261,23
650,2271,139
650,2281,30
650,2291,9
650,2300,15
650,2311,94
650,2321,69
650,2331,15
650,2371,194
650,2381,879
650,2391,77
650,2401,32
650,2421,19
650,2431,9
650,2441,60
650,2471,24
650,2600,13
650,2601,121
650,2611,56
650,2621,113
650,2631,34
650,2650,20
650,2651,275
650,2660,29
650,2741,50
650,2751,13
650,2761,47
650,2771,20
650,2781,65
650,2821,71
650,2831,8
650,2850,9
650,2860,8
650,2861,29
650,2891,112
650,3041,160
650,3210,10
650,3310,18
650,3360,8
650,3361,16
650,3381,13
650,4210,9
650,4211,12
650,4230,21
650,4231,11
650,4400,11
650,4401,71
650,4411,21
650,4421,16
650,4461,27
650,4471,24
650,4481,117
650,4491,34
650,5051,49
650,5061,38
650,5071,394
650,5091,32
650,5211,29
650,5311,16
653,1,204
653,2,2006
653,3,570
653,4,228
653,5,491
653,6,1633
653,7,418
653,8,227
653,10,1263
653,11,5537
653,21,341
657,21,10
672,1,10
672,2,89
672,4,798
672,5,730
672,6,47
672,7,160
672,8,279
672,9,44
672,10,97
672,11,340
672,12,842
672,13,823
672,14,842
672,15,312
672,16,433
672,17,1060
672,18,998
672,19,1000
672,20,11
672,21,1371
672,22,49
672,23,363
672,24,48
672,25,156
672,26,57
672,27,117
672,28,88
672,29,34
672,30,27
672,31,609
672,32,418
672,35,85
672,36,153
672,37,53
672,38,83
672,40,31
672,41,42
672,43,17
672,44,13
672,48,28
672,49,8
672,50,97
672,51,18
672,52,23
672,61,42
672,70,32
672,71,723
672,80,14
672,81,1882
672,91,1644
672,126,10
675,2,54
675,3,203
675,6,34
675,21,21
675,31,98
675,41,116
676,1,708
676,3,176
676,4,44
676,5,55
676,6,12
676,16,33
676,17,18
676,24,69
676,25,27
676,34,184
676,37,21
676,39,20
676,46,185
676,48,158
676,49,9
676,53,16
676,56,65
676,57,9
676,59,22
676,64,12
676,66,36
676,67,32
676,68,22
676,69,13
676,73,8
676,74,13
676,78,123
676,83,61
676,85,1081
676,88,321
676,92,134
676,94,452
676,95,8
676,103,49
676,105,1169
676,107,140
676,109,29
676,111,36
676,113,35
676,117,27
676,119,294
676,121,9
676,122,21
676,123,48
676,124,9
676,133,847
676,135,12
676,141,9
676,143,252
676,148,217
676,151,29
676,153,18
676,156,13
676,159,119
676,161,14
676,164,52
676,168,47
676,170,72
676,171,21
676,172,70
676,179,832
676,181,115
676,183,364
676,184,12
676,185,11
676,187,13
676,189,8
676,193,10
676,204,8
676,206,109
676,208,25
676,216,15
676,224,631
676,226,515
676,228,471
676,232,19
676,234,12
676,236,63
676,242,337
676,244,91
676,246,241
676,248,123
676,252,413
676,254,56
676,256,91
676,258,15
676,262,32
676,264,18
676,267,10
676,276,45
676,279,44
676,285,3059
676,287,989
676,288,117
676,292,456
676,294,896
676,295,216
676,297,27
676,302,26
676,305,15
676,306,25
676,308,86
676,309,280
676,311,14
676,313,45
676,314,2002
676,315,276
676,329,11
676,335,27
676,341,9
676,342,451
676,344,583
676,345,29
676,349,110
676,352,8
676,353,311
676,355,324
676,357,141
676,365,201
676,368,71
676,373,18
676,374,80
676,378,15
676,379,48
676,385,78
676,388,69
676,396,8
676,399,301
676,406,25
676,407,592
676,408,149
676,409,1973
676,414,3197
676,415,91
676,416,695
676,417,64
676,418,22
676,419,694
676,422,155
676,423,144
676,424,73
676,426,500
676,427,1071
676,428,380
676,429,82
676,433,245
676,434,18
676,435,784
676,436,94
676,437,142
676,439,24
676,442,15
676,443,18
676,444,23
676,453,16
676,454,283
676,455,966
676,456,207
676,457,424
676,459,17
676,460,20
676,463,184
676,466,49
676,468,42
676,470,29
676,473,25
676,475,38
676,477,248
676,478,902
676,479,152
676,480,45
676,483,466
676,484,540
676,485,153
676,486,24
676,487,49
676,488,433
676,489,343
676,490,12
676,493,22
676,495,29
676,498,102
676,499,96
676,500,25
676,501,12
676,504,21
676,505,30
676,510,40
676,513,158
676,516,613
676,518,152
676,519,36
676,526,30
676,529,17
676,530,27
676,532,27
676,534,10
676,535,22
676,538,48
676,539,42
676,540,18
676,542,73
676,548,1506
676,549,183
676,550,8
676,552,3462
676,553,223
676,554,169
676,555,241
676,556,69
676,557,981
676,559,4024
676,564,81
676,567,112
676,568,19
676,569,1129
676,572,1153
676,573,219
676,574,133
676,575,82
676,576,244
676,577,56
676,578,60
676,582,91
676,583,291
676,584,103
676,585,90
676,587,58
676,592,24
676,598,15
676,601,15
676,606,329
676,608,30
676,609,18
676,611,21
676,615,448
676,617,31
676,618,509
676,622,103
676,623,44
676,625,213
676,626,47
676,627,85
676,628,19
676,629,41
676,633,22
676,636,9
676,639,47
676,643,21
676,645,31
676,646,66
676,647,40
676,652,15
676,657,13
676,663,11
676,670,10
676,721,120
676,796,19
676,797,69
676,798,54
676,843,27
676,849,148
676,851,24
676,854,59
676,855,56
676,858,23
676,859,11
676,871,22
676,899,13
676,949,77
676,967,28
676,990,65
676,995,79
676,996,29
676,1006,20
676,1007,12
676,1018,28
676,1061,15
676,1063,34
676,1137,11
676,1141,1428
676,1151,20
676,1152,68
676,1153,134
676,1168,12
676,1169,12
676,1181,69
676,1191,11
676,1204,65
676,1207,8
676,1254,10
676,1261,122
676,1271,29
676,1276,11
676,1300,18
676,1310,14
676,1321,35
676,1340,30
676,1369,116
676,1373,38
676,1386,83
676,1401,103
676,1411,38
676,1416,13
676,1417,29
676,1421,27
676,1440,20
676,1451,17
676,1455,34
676,1456,14
676,1471,61
676,1481,34
676,1491,369
676,1501,184
676,1510,135
676,1511,168
676,1541,190
676,1551,71
676,1571,80
676,1590,87
676,1610,128
676,1611,158
676,1630,21
676,1631,170
676,1641,8
676,1650,10
676,1660,185
676,1670,11
676,1680,40
676,1691,462
676,1701,17
676,1710,18
676,1711,995
676,1721,94
676,1741,8
676,1751,57
676,1770,92
676,1771,361
676,1781,203
676,1791,62
676,1801,8
676,1811,30
676,1840,68
676,1841,9
676,1850,44
676,1860,71
676,1870,51
676,1871,24
676,1881,73
676,1920,33
676,1930,12
676,1941,173
676,1951,358
676,1960,59
676,1961,289
676,1991,1698
676,2001,332
676,2011,14
676,2041,12
676,2081,9
676,2091,447
676,2101,411
676,2111,17
676,2141,138
676,2151,301
676,2251,12
676,2311,18
676,2331,277
676,2341,113
676,2351,165
676,2411,41
676,2421,27
676,2431,145
676,2471,46
676,2481,24
676,2511,33
676,2531,8
676,2571,45
676,2631,13
683,1,15
683,2,736
683,3,23
683,4,16
683,5,239
683,7,108
683,8,23
683,9,162
683,12,150
683,13,175
683,15,10
683,16,29
683,17,72
683,31,15
683,81,107
683,171,17
683,172,72
683,173,215
683,181,26
683,191,10
683,272,1147
683,282,48
683,292,31
683,311,66
683,320,33
683,331,21
683,341,15
683,351,28
683,361,10
683,411,12
683,421,39
683,431,48
683,441,29
683,451,13
683,461,22
683,471,47
683,501,844
683,511,123
683,520,60
683,521,422
683,531,51
683,541,125
683,551,209
683,561,554
683,571,385
683,601,460
683,621,75
683,631,3066
683,641,2361
683,651,1122
683,661,134
683,700,11
683,701,41
683,800,33
683,801,196
683,811,31
683,820,22
683,831,28
683,851,325
683,900,27
683,901,886
695,6,24
695,22,20
695,23,41
695,25,157
695,26,43
695,32,12
695,33,29
695,36,20
695,38,8
697,1,184
697,3,230
697,5,84
697,7,243
697,9,16
697,10,66
697,13,13
697,15,12
697,17,34
697,19,68
697,20,11
697,21,12
697,23,31
704,1,432
704,3,520
704,5,69
704,7,74
704,9,10
704,11,208
704,13,458
704,15,126
704,16,115
704,18,10
704,19,168
704,20,254
704,23,52
704,24,97
704,26,75
711,10,346
711,11,558
711,20,276
712,1,75
712,3,220
712,4,85
712,8,114
712,9,100
712,10,95
712,11,20
712,12,35
712,13,17
712,15,44
712,19,45
712,20,11
712,24,52
712,30,152
712,31,28
712,50,331
712,51,77
712,110,58
712,111,9
712,121,8
712,122,115
712,131,205
712,141,180
712,161,115
712,171,121
712,191,53
712,201,26
712,400,12
712,600,82
712,800,14
715,1,15
715,3,70
715,4,100
715,5,171
715,6,19
715,7,1454
715,8,777
715,9,30
715,12,21
715,14,11
715,19,840
715,24,22
715,25,8
715,28,13
715,32,166
715,39,92
715,45,9
715,47,92
715,48,47
715,49,22
715,52,13
715,53,28
715,57,287
715,64,97
715,65,18
715,72,56
715,73,42
715,74,36
715,75,52
715,76,8
715,77,501
715,78,539
715,79,25
715,80,16
715,83,15
715,84,72
715,85,10
715,86,985
715,87,68
715,88,13
715,89,39
715,111,31
715,120,15
715,121,56
715,122,9
715,123,15
715,131,52
715,132,52
715,141,141
715,142,342
715,151,34
715,152,55
715,161,118
715,162,46
715,191,106
715,210,79
715,231,173
715,241,8
715,251,167
715,261,9
715,271,327
715,281,15
715,291,349
715,311,18
715,341,146
715,351,33
715,411,121
715,431,2363
715,441,128
715,471,49
715,481,244
722,1,89
722,2,45
722,4,22
722,6,8
722,7,9
722,9,14
722,13,12
722,14,16
722,15,55
722,17,15
722,20,127
722,25,8
722,26,9
722,27,22
722,30,16
722,31,11
722,32,18
722,40,53
722,41,201
722,43,11
722,50,59
722,51,9
722,58,16
722,60,8
722,61,23
722,64,23
722,65,16
722,66,9
722,100,46
722,101,53
722,111,9
722,121,18
722,122,14
722,125,38
722,126,11
722,128,11
722,129,69
722,130,18
722,133,28
722,137,16
722,138,26
722,141,29
722,150,25
722,151,59
722,161,24
722,169,17
722,171,8
722,181,38
722,187,8
722,190,12
722,192,20
722,195,33
722,196,13
722,200,18
722,201,70
722,206,36
722,207,55
722,208,26
722,209,18
722,210,15
722,211,29
722,213,89
722,215,35
722,216,49
722,217,35
722,220,9
722,221,82
722,222,8
722,224,47
722,229,10
722,231,20
722,251,43
722,261,76
722,271,39
722,941,11
724,1,70
724,5,616
724,9,82
724,11,27
724,14,11
724,16,765
724,18,77
724,22,20
724,23,32
724,25,19
724,28,56
724,29,99
724,34,20
724,35,9
724,36,852
724,37,335
724,38,69
724,39,15
724,41,152
724,44,10
724,45,172
724,46,207
724,47,16
724,48,25
724,49,733
724,54,50
724,55,13
724,57,22
724,58,13
724,65,66
724,66,113
724,67,68
724,68,1131
724,69,32
724,72,795
724,73,23
724,74,10
724,75,52
724,76,13
724,77,22
724,79,112
724,83,14
724,85,21
724,87,201
724,88,55
724,89,37
724,92,17
724,93,91
724,94,8
724,95,172
724,96,44
724,97,21
724,102,97
724,103,230
724,105,294
724,107,95
724,109,10
724,112,14
724,113,22
724,114,84
724,116,11
724,122,115
724,124,173
724,126,18
724,132,263
724,134,21
724,136,18
724,137,33
724,139,156
724,140,76
724,142,85
724,145,9
724,146,17
724,147,155
724,148,34
724,149,24
724,150,44
724,153,46
724,154,14
724,158,9
724,160,43
724,161,13
724,162,131
724,163,198
724,168,13
724,169,37
724,170,26
724,171,77
724,174,32
724,176,31
724,177,35
724,178,175
724,179,55
724,180,18
724,181,52
724,182,12
724,186,10
724,187,15
724,188,16
724,191,38
724,193,34
724,194,14
724,196,26
724,204,469
724,205,479
724,207,1222
724,210,85
724,212,340
724,213,12
724,216,751
724,217,29
724,218,28
724,219,26
724,220,25
724,222,229
724,223,10
724,224,211
724,225,10
724,226,2690
724,230,20
724,231,45
724,232,10
724,237,100
724,239,23
724,241,42
724,246,132
724,248,9
724,249,9
724,251,114
724,252,158
724,261,66
724,262,102
724,270,8
724,271,20
724,272,28
724,273,92
724,274,33
724,277,13
724,279,398
724,282,102
724,286,14
724,288,57
724,291,111
724,296,196
724,297,36
724,298,97
724,299,17
724,301,61
724,302,101
724,303,14
724,313,71
724,314,24
724,315,15
724,316,275
724,317,27
724,318,147
724,321,9
724,322,31
724,326,13
724,327,17
724,329,25
724,330,68
724,332,8
724,334,24
724,341,51
724,345,10
724,350,44
724,351,295
724,361,46
724,369,15
724,370,8
724,371,8
724,372,210
724,373,41
724,374,17
724,376,9
724,377,24
724,378,219
724,379,238
724,381,31
724,386,43
724,389,18
724,391,15
724,393,9
724,395,13
724,400,10
724,410,15
724,412,11
724,430,31
724,432,101
724,439,9
724,441,10
724,443,21
724,445,13
724,454,9
724,458,119
724,463,12
724,464,49
724,471,14
724,475,10
724,478,17
724,481,14
724,485,9
724,490,17
724,503,18
724,519,51
724,520,10
724,523,10
724,536,24
724,538,19
724,546,40
724,550,30
724,564,11
724,566,15
724,570,9
724,601,116
724,618,16
724,619,308
724,621,47
724,623,33
724,624,41
724,625,20
724,627,47
724,631,56
724,637,116
724,639,77
724,641,13
724,648,21
724,652,15
724,661,24
724,674,17
724,677,97
724,678,24
724,682,12
724,683,39
724,692,11
724,703,9
724,705,14
724,811,20
724,821,33
724,831,23
724,871,25
724,891,23
724,910,21
724,911,69
724,930,10
724,981,70
724,991,50
724,1000,8
724,1021,64
724,1031,20
724,1041,14
724,1051,21
724,1121,17
724,1131,23
724,1171,15
724,1210,73
724,1212,25
724,1221,41
724,1241,17
724,1271,18
724,1281,21
724,1291,14
724,1311,68
724,1331,8
724,1341,666
724,1342,133
724,1351,14
724,1352,11
724,1360,8
724,1491,58
724,1492,8
724,1610,67
724,1620,105
724,1751,182
724,1752,41
724,1771,12
724,1791,14
724,1801,376
724,1802,446
724,1811,247
724,1812,148
724,1821,99
724,1822,80
724,1841,76
724,1842,53
724,1850,25
724,1851,8
724,1901,11
724,1931,62
724,1932,42
724,1941,12
724,1942,25
724,1960,13
724,1990,15
724,2031,30
724,2032,15
724,2051,45
724,2052,10
724,2071,75
724,2072,80
724,2091,51
724,2092,32
724,2112,10
724,2131,10
724,2132,16
724,2141,17
724,2142,19
724,2171,60
724,2173,14
724,2191,17
724,2211,125
724,2213,29
724,2221,9
724,2271,9
724,2272,8
724,2282,8
724,2301,29
724,2302,32
724,2310,100
724,2320,23
724,2331,24
724,2332,13
724,2351,13
724,2352,8
724,2361,14
724,2362,13
724,2441,17
724,2451,89
724,2481,12
724,2501,704
724,2511,45
724,2541,19
724,2551,10
724,2571,155
724,2591,17
724,2610,10
724,2621,49
724,2661,91
724,2671,37
724,2681,73
724,2691,81
724,2711,19
724,2731,216
724,2741,125
724,2751,117
724,2761,34
724,2781,97
724,2811,195
724,2821,52
724,2831,181
724,2841,233
724,2851,23
724,2861,48
724,2871,39
724,2881,43
724,2891,22
724,2940,9
724,2991,13
724,2992,37
724,3110,29
724,3111,76
724,3121,10
724,3131,47
724,3181,91
724,3210,14
724,3211,14
724,3241,27
724,3271,57
724,3301,150
724,3310,16
724,3311,132
724,3331,594
724,3341,84
724,3351,184
724,3361,39
724,3371,1229
724,3381,70
724,3401,35
724,3421,13
724,3451,12
724,3461,16
724,3491,66
724,3501,67
724,3511,8
724,3521,13
724,3531,59
724,3541,27
724,3601,10
724,3611,126
724,3621,25
724,3741,82
724,3751,17
724,3761,20
724,3771,130
724,3781,22
724,3801,38
724,3811,43
724,3821,17
724,3971,10
724,4131,59
724,4211,10
724,4231,9
724,4251,72
724,4421,70
724,5000,75
724,5300,13
724,7021,35
727,1,1979
727,2,342
727,4,80
727,5,61
727,8,72
727,9,12
727,12,128
727,13,34
727,14,29
727,19,14
727,21,339
727,22,99
727,23,25
727,25,88
727,26,86
727,27,863
727,28,182
727,29,182
727,31,9
727,33,32
727,34,227
727,36,883
727,37,214
727,38,125
727,41,16
727,42,14
727,43,75
727,44,11
727,45,90
727,46,30
727,47,523
727,48,282
727,51,16
727,100,36
727,110,40
727,111,68
727,115,11
727,120,27
727,131,122
727,140,49
727,141,11
727,160,36
727,161,17
727,171,22
727,173,29
727,221,56
727,241,335
727,270,11
727,271,16
727,321,13
727,330,54
727,331,67
727,360,18
727,400,339
727,411,17
727,421,183
727,431,86
727,440,101
727,451,590
727,461,738
727,471,438
727,501,249
727,511,11
727,530,66
727,600,11
727,620,9
727,621,13
727,650,8
727,660,12
727,691,8
727,720,28
727,750,23
727,751,30
727,760,12
727,771,20
727,960,58
727,961,128
727,970,55
727,980,50
727,1001,81
727,1200,8
727,1230,9
728,2,114
728,3,45
728,4,26
728,5,47
728,6,76
728,7,189
728,8,53
728,9,21
728,10,8
728,11,36
728,12,40
728,14,25
728,15,41
728,19,9
728,20,48
728,22,92
728,31,8
728,52,10
728,61,10
728,63,189
728,64,140
728,65,87
728,71,128
728,1421,11
728,1471,11
729,10,11
729,11,36
729,19,9
730,1,35
730,2,51
730,3,51
730,5,24
730,6,3334
730,7,967
730,8,6987
730,9,553
730,10,565
730,11,1419
730,12,161
730,13,152
730,14,716
730,15,176
730,16,186
730,17,303
730,18,16
730,19,97
730,20,121
730,21,1082
730,22,103
730,24,226
730,25,398
730,30,11
730,31,23
730,32,11
730,33,187
730,34,173
730,35,1696
730,36,67
730,37,71
730,39,71
730,40,107
730,41,541
730,42,205
730,43,47
730,45,9
730,47,29
730,48,23
730,49,196
730,57,8
730,60,309
730,64,8
730,86,9
730,89,128
730,90,64
730,91,350
730,92,47
730,93,92
730,95,70
730,96,208
730,97,32
730,100,13
730,110,98
730,111,37
730,112,602
730,114,77
730,115,84
730,116,47
730,311,195
730,321,762
730,350,48
730,351,11
730,440,8
730,1811,97
731,1,104
731,2,178
731,4,49
731,5,117
731,6,198
731,7,131
731,8,44
731,9,114
731,10,462
731,12,217
731,13,176
731,14,121
731,15,28
731,20,68
731,22,48
731,24,9
731,26,9
731,33,10
731,51,93
731,61,29
731,81,270
731,131,424
731,132,74
731,141,195
731,151,38
731,161,138
731,171,57
731,181,473
731,191,73
731,200,31
731,201,100
731,231,130
731,241,39
731,251,328
731,261,470
731,271,198
731,281,58
731,301,46
731,321,13
731,331,18
731,400,40
731,500,20
731,600,72
731,700,19
731,800,8
731,900,21
734,1,104
734,2,49
734,3,87
734,4,18
734,8,135
734,11,33
734,14,18
734,15,35
734,16,119
734,17,11
734,19,87
734,21,12
734,22,14
734,28,29
734,29,67
734,32,19
734,41,24
734,51,302
734,61,2032
734,71,290
734,72,130
734,81,427
734,82,176
734,91,343
734,92,410
734,101,2685
734,102,3108
734,111,76
734,112,77
734,121,63
734,122,63
734,131,2597
734,141,74
734,151,25
734,161,21
734,181,19
734,191,20
734,201,128
734,211,1892
734,221,233
734,231,69
734,241,40
734,251,10
734,261,102
734,271,126
734,281,273
734,291,5108
734,301,30
734,401,24
734,430,8
735,18,12
735,29,10
735,88,8
735,215,8
735,371,10
735,551,8
735,641,8
735,721,10
735,771,15
735,791,8
735,811,17
736,11,10
737,2,236
737,3,27
737,5,42
737,6,109
737,7,38
737,8,88
737,9,75
737,11,64
737,16,31
737,17,94
737,22,211
737,23,19
737,25,30
737,26,14
737,27,139
737,28,17
737,29,21
737,33,19
737,34,81
737,35,18
737,37,8
737,38,14
737,39,130
737,46,101
737,47,96
737,48,12
737,50,16
737,51,29
737,54,13
737,60,328
737,67,24
737,71,395
737,73,80
737,75,99
737,76,13
737,77,9
737,79,9
737,80,9
737,87,51
737,90,9
737,110,19
737,121,8
737,150,59
737,151,170
737,161,29
737,163,43
737,171,13
737,191,32
737,201,149
737,231,38
737,250,26
737,251,122
737,260,37
737,261,141
737,331,102
737,340,55
737,360,247
737,361,188
737,370,20
737,371,70
737,380,9
737,430,10
737,431,274
737,440,11
737,441,110
737,460,145
737,700,8
737,1500,15
737,1510,51
737,1511,45
737,1620,12
737,1940,29
737,2510,9
737,5830,13
739,4,35
739,5,15
739,6,20
739,7,82
739,11,26
739,13,36
739,14,21
739,15,63
739,16,25
739,17,198
739,19,43
739,30,9
739,38,21
739,39,32
739,46,32
739,47,21
739,49,9
739,53,71
739,55,57
739,58,13
739,59,32
739,64,8
739,65,26
739,66,29
739,68,18
739,69,54
739,70,11
739,79,138
739,82,58
739,83,43
739,85,65
739,86,14
739,87,233
739,89,118
739,92,125
739,94,250
739,95,209
739,96,60
739,97,195
739,99,25
739,105,10
739,106,11
739,107,137
739,108,196
739,109,109
739,112,9
739,114,91
739,115,10
739,121,13
739,141,56
739,341,47
739,371,39
739,421,38
739,481,16
739,500,8
739,611,81
739,631,8
739,700,12
739,730,24
739,760,14
739,811,61
739,821,47
739,871,14
739,910,13
739,920,11
739,921,34
739,1031,10
739,1061,13
739,1081,12
739,1091,9
739,1141,9
739,1151,16
739,1161,8
739,1171,8
739,1211,12
739,1261,10
739,1340,8
739,1350,58
739,1380,11
739,1381,66
739,1390,24
739,1411,396
739,1421,134
739,1441,38
739,1480,11
739,1512,211
739,1552,10
739,1600,11
739,1601,32
739,1690,19
739,1701,30
739,1732,11
739,1781,25
739,1791,1224
739,1820,35
739,1870,14
739,1871,83
739,1881,9
739,1890,30
739,1930,17
739,1931,69
739,1940,11
739,1941,24
739,1961,154
739,1962,338
739,1991,41
739,1992,49
739,2011,56
739,2041,200
739,2051,15
739,2100,54
739,2111,229
739,2140,8
739,2161,23
739,2181,12
739,2201,15
739,2221,29
739,2231,8
739,2251,44
739,2252,12
739,2261,892
739,2281,39
739,2311,41
739,2312,10
739,2331,43
739,2381,98
739,2391,135
739,2411,22
739,2420,562
739,2421,28
739,2431,181
739,2441,29
739,2451,517
739,2461,51
739,2481,171
739,2491,243
739,3411,82
739,3421,33
739,3491,8
739,3501,289
739,3511,18
739,3901,972
739,4700,11
739,4801,40
739,4911,26
739,4921,224
739,4922,184
739,4931,20
739,4950,21
739,4951,409
739,4953,28
739,4960,15
739,4961,26
739,5020,8
739,5023,8
739,5051,10
739,5091,565
739,5111,97
739,5131,298
739,5141,164
739,5151,118
743,1,53
743,2,60
743,3,35
743,5,19
743,7,339
743,8,9
743,9,16
743,11,52
743,12,10
743,16,12
743,19,39
743,21,9
743,23,394
743,24,17
743,25,526
743,29,42
743,31,251
743,32,48
743,80,18
743,81,21
743,100,17
743,110,96
743,500,96
743,700,299
751,1,165
751,2,86
751,3,166
751,6,194
751,7,96
751,8,574
751,9,764
751,11,146
751,12,159
751,13,445
751,14,35
751,15,145
751,16,247
751,18,237
751,19,22
751,21,620
751,27,138
751,29,179
751,31,786
751,32,232
751,33,27
751,36,16
751,41,9
751,43,34
751,45,118
751,46,72
751,47,208
751,48,55
751,49,86
751,51,28
751,53,319
751,54,13
751,55,244
751,56,569
751,57,286
751,58,22
751,60,91
751,61,315
751,63,328
751,64,35
751,66,144
751,67,105
751,68,37
751,69,33
751,70,10
751,72,89
751,73,327
751,74,110
751,75,243
751,76,52
751,77,37
751,78,81
751,80,3725
751,82,200
751,83,18
751,84,198
751,85,130
751,86,143
751,88,407
751,89,290
751,90,10
751,100,22
751,102,129
751,104,11
751,105,170
751,106,9
751,108,10
751,109,62
751,110,8
751,112,75
751,113,140
751,119,35
751,120,12
751,122,203
751,123,223
751,124,262
751,125,22
751,127,54
751,128,32
751,129,11
751,130,192
751,136,13
751,138,9
751,139,20
751,142,63
751,143,28
751,144,14
751,145,9
751,146,156
751,149,9
751,158,15
751,159,10
751,162,48
751,165,18
751,166,72
751,167,17
751,168,69
751,169,35
751,170,458
751,173,33
751,176,16
751,182,9
751,186,27
751,192,48
751,193,143
751,194,8
751,195,54
751,198,17
751,199,48
751,202,53
751,203,43
751,204,126
751,205,41
751,214,13
751,216,77
751,218,11
751,219,21
751,220,45
751,221,10
751,222,1458
751,223,2488
751,224,187
751,226,276
751,227,156
751,228,1392
751,229,208
751,230,449
751,233,9
751,235,41
751,236,207
751,238,299
751,239,8
751,240,22
751,242,14
751,243,13
751,244,37
751,245,29
751,250,25
751,252,108
751,253,291
751,255,130
751,256,45
751,257,38
751,258,25
751,259,27
751,281,333
751,282,429
751,291,94
751,300,9
751,301,20
751,302,20
751,351,13
751,371,22
751,372,35
751,382,17
751,392,96
751,401,10
751,412,165
751,422,152
751,432,133
751,442,159
751,451,1905
751,461,31
751,471,1773
751,481,86
751,491,12
751,511,642
751,531,98
751,551,28
751,581,23
751,591,20
751,601,485
751,611,91
751,621,146
751,631,200
751,641,226
751,661,93
751,681,78
751,691,24
751,701,40
751,711,17
751,721,1820
751,731,14
751,741,291
751,751,79
751,761,4315
751,781,453
751,791,93
751,801,228
771,1,16
771,2,39
771,3,85
771,4,29
771,5,1172
771,6,512
771,8,259
771,9,103
771,10,13
771,11,139
771,13,143
771,14,38
771,15,8
771,17,648
771,18,47
771,19,17
771,21,165
771,26,530
771,27,9
771,28,21
771,29,89
771,31,33
771,32,200
771,33,102
771,35,122
771,36,207
771,37,200
771,38,32
771,39,9
771,40,16
771,41,10
771,42,83
771,43,82
771,44,38
771,45,139
771,46,23
771,47,10
771,54,414
771,55,137
771,56,41
771,57,73
771,58,159
771,59,147
771,61,10
771,62,40
771,63,14
771,65,13
771,66,229
771,70,22
771,72,39
771,79,12
771,84,21
771,86,157
771,87,66
771,90,36
771,91,209
771,92,31
771,93,34
771,96,11
771,98,34
771,101,12
771,109,286
771,110,459
771,113,10
771,114,184
771,115,14
771,125,151
771,126,141
771,127,8
771,128,106
771,129,104
771,130,15
771,132,9
771,133,26
771,135,72
771,137,9
771,140,12
771,143,230
771,144,27
771,145,29
771,146,120
771,147,22
771,149,139
771,151,33
771,152,1473
771,153,10
771,155,954
771,156,66
771,158,8
771,160,60
771,164,59
771,166,29
771,167,13
771,168,23
771,169,133
771,170,154
771,172,35
771,173,96
771,174,40
771,178,405
771,179,124
771,180,43
771,188,9
771,189,41
771,191,18
771,192,196
771,194,19
771,195,499
771,196,68
771,198,35
771,204,133
771,205,102
771,206,11
771,207,85
771,208,84
771,213,50
771,214,82
771,218,8
771,219,13
771,223,62
771,235,11
771,241,29
771,242,437
771,245,23
771,249,135
771,250,349
771,260,47
771,261,34
771,268,249
771,269,72
771,271,48
771,274,40
771,278,19
771,281,17
771,286,36
771,291,130
771,301,80
771,311,59
771,321,178
771,331,50
771,351,480
771,361,22
771,411,96
771,421,218
771,430,16
771,451,622
771,461,69
771,481,310
771,541,14
771,551,80
771,591,1321
771,601,211
771,621,30
771,631,70
771,641,75
775,1,50
775,2,41
775,3,323
775,7,50
775,9,52
775,15,10
775,17,42
775,20,55
775,22,16
775,23,38
775,24,50
775,25,49
775,27,59
775,28,88
775,29,12
775,30,77
775,31,108
775,121,56
775,131,368
775,141,24
775,151,100
775,161,453
776,3,48
776,5,132
776,6,8
776,7,34
776,11,226
776,12,1245
776,16,10
776,18,149
776,21,74
776,22,31
776,24,41
776,26,126
776,30,305
776,32,273
776,33,811
776,35,112
776,37,10
776,38,134
776,39,516
776,77,19
776,86,75
776,91,9
776,92,28
776,93,55
776,100,16
776,120,9
776,170,60
776,200,12
778,1,14
778,3,210
778,5,93
778,7,60
778,11,8
778,13,23
778,15,32
778,16,12
778,18,245
778,19,73
778,22,68
778,24,66
778,25,154
778,26,1010
778,27,15
778,45,10
778,46,115
778,47,32
778,48,82
778,52,728
778,53,96
778,54,196
778,56,23
778,57,55
778,58,93
778,67,176
778,68,15
778,69,21
778,74,33
778,75,11
778,83,160
778,84,1287
778,87,80
778,88,164
778,92,70
778,94,202
778,95,171
778,97,18
778,98,74
778,99,49
778,101,14
778,102,181
778,103,130
778,104,10
778,106,145
778,107,32
778,108,296
778,109,36
778,112,43
778,114,204
778,115,145
778,117,28
778,119,76
778,122,983
778,123,416
778,124,290
778,125,281
778,127,71
778,128,123
778,129,60
778,132,106
778,137,516
778,138,1978
778,139,521
778,141,14
778,142,81
778,143,106
778,148,50
778,153,85
778,154,253
778,155,13
778,157,64
778,158,273
778,159,177
778,163,166
778,164,62
778,165,431
778,166,311
778,169,8
778,172,582
778,173,21
778,174,33
778,176,222
778,178,183
778,181,13
778,183,3202
778,184,2577
778,185,1449
778,186,352
778,187,70
778,188,25
778,189,93
778,192,33
778,196,114
778,198,13
778,199,150
778,202,25
778,215,500
778,216,19
778,217,158
778,218,15
778,219,58
778,222,30
778,224,25
778,226,16
778,227,8
778,232,11
778,252,152
778,253,181
778,254,12
778,255,14
778,256,62
778,257,72
778,258,14
778,259,13
778,262,25
778,263,9
778,266,9
778,267,9
778,271,12
778,273,17
778,274,13
778,276,13
778,301,10
778,331,12
778,351,26
778,381,8
778,401,12
778,441,21
778,491,12
778,521,52
778,531,21
778,541,9
778,561,9
778,581,306
778,591,239
778,601,67
778,620,15
778,651,10
778,671,42
778,721,61
778,731,36
778,741,340
778,751,85
778,821,17
778,830,11
778,870,8
778,890,9
778,930,13
778,940,9
778,941,38
778,950,12
778,960,9
778,991,73
778,1020,20
778,1040,14
778,1050,8
778,1180,11
778,1221,214
778,1231,332
778,1271,192
778,1281,192
778,1330,15
778,1440,13
778,1450,8
778,1500,19
778,1540,9
778,1600,11
778,1611,13
778,1740,12
778,1741,9
778,1750,8
778,1751,40
778,1790,10
778,1820,11
778,1850,10
778,1851,9
778,1860,25
778,1861,10
778,1870,18
778,1871,20
778,1880,11
778,1881,9
778,1891,9
778,1921,16
778,1970,41
778,1990,40
778,2000,22
778,2010,23
778,2020,9
778,2030,8
778,2060,30
778,2100,29
778,2110,31
778,2130,11
778,2180,24
778,2200,455
778,2201,97
778,2210,91
778,2220,47
778,2240,146
778,2250,39
778,2260,10
778,2280,11
778,2300,53
778,2310,14
778,2320,105
778,2330,9
792,10,27
792,11,84
794,3,18
794,4,22
794,6,11
794,7,14
794,10,9
794,24,8
794,26,14
798,3,354
798,5,33
798,6,8
798,7,14
798,10,110
798,11,51
798,13,8
798,22,27
798,24,121
798,25,14
798,31,16
798,35,9
798,41,1188
798,42,35
798,44,44
798,48,475
798,49,40
798,50,19
798,51,9
798,52,125
798,53,47
798,55,42
798,61,54
798,72,149
798,74,49
798,75,11
798,76,31
798,78,16
798,80,122
798,83,12
798,88,29
798,89,452
798,90,222
798,92,137
798,93,99
798,95,51
798,96,44
798,97,14
798,111,61
798,119,55
798,121,85
798,122,65
798,123,25
798,130,63
798,135,91
798,136,8
798,138,31
798,142,8
798,143,12
798,148,14
798,151,56
798,161,41
798,169,16
798,171,71
798,181,156
798,185,165
798,187,34
798,190,22
798,202,54
798,204,93
798,205,12
798,208,9
798,210,12
798,212,16
798,220,799
806,1,333
806,2,18
806,3,8
806,4,10
806,5,10
806,6,12
806,9,10
806,10,57
806,14,134
806,25,71
806,31,13
806,32,50
806,33,92
806,36,18
806,49,11
806,50,16
806,73,38
806,74,72
806,75,8
806,79,28
806,96,16
806,109,13
806,200,17
811,1,127
811,3,283
811,6,8
811,10,184
811,11,30
811,12,8
811,14,33
811,15,102
811,16,48
811,17,99
811,18,59
811,19,90
811,20,348
817,1,136
817,2,305
817,3,28
817,5,139
817,7,24
817,12,10
817,14,28
817,15,88
817,16,10
817,17,25
817,18,624
817,19,22
817,20,8
817,21,98
817,22,39
817,25,36
817,29,33
817,30,114
817,33,19
817,37,28
817,42,37
817,48,15
817,51,9
817,53,9
817,56,17
817,70,10
817,71,16
817,74,203
817,84,17
817,86,24
817,87,133
817,131,8
817,150,33
817,155,10
817,163,20
817,178,8
817,188,18
817,190,13
817,200,12
817,201,47
817,204,36
817,211,13
817,214,16
817,220,19
817,221,103
817,230,19
817,231,21
817,250,25
817,291,21
817,310,15
817,320,19
817,331,11
817,340,15
817,350,9
817,360,9
817,361,129
817,362,91
817,371,41
817,372,11
817,380,10
817,410,12
817,411,336
817,412,8
817,421,10
817,451,34
817,452,95
817,482,2971
817,490,24
817,551,49
817,561,344
817,591,63
817,601,915
817,631,52
817,633,76
817,640,235
817,641,42
817,671,128
817,791,690
817,850,54
817,900,9
817,901,139
817,971,104
817,981,104
817,1000,53
817,1200,29
817,1221,106
817,1231,55
817,1241,1233
817,1261,34
817,1271,66
817,1711,10
817,3000,15
817,3500,13
830,1,15
830,2,24
830,3,13
830,6,10
830,7,73
830,8,105
830,9,54
830,10,183
830,12,58
830,20,23
830,21,28
830,22,12
830,26,90
830,28,44
830,29,12
830,30,26
830,31,57
830,41,14
830,46,28
830,51,63
830,52,54
830,53,22
830,55,76
830,56,25
830,58,74
830,59,14
830,64,18
830,65,59
830,67,37
830,75,14
830,91,8
830,200,9
830,300,13
833,2,18
839,1,983
839,2,6989
839,3,11528
839,4,64
839,6,1058
839,7,385
839,8,1988
839,10,54
839,12,1055
839,13,1006
839,14,620
839,15,14
839,16,488
839,17,1068
839,18,2257
839,19,18
839,20,20
839,21,4287
839,22,2870
839,23,168
839,24,96
839,25,15
839,26,726
839,28,2413
839,29,8
839,31,2009
839,32,1082
839,33,12
839,37,26
839,38,143
839,41,2407
839,42,1150
839,51,28
839,61,13
839,67,37
839,68,303
839,69,284
839,71,77
839,81,379
839,91,50
839,93,36
839,95,53
839,96,38
839,101,94
839,103,20
839,104,18
839,111,352
839,121,27
839,151,1065
839,161,435
839,171,770
839,172,11
839,181,282
839,190,127
839,191,478
839,193,238
839,201,534
839,202,25
839,212,84
839,214,60
839,216,11
839,218,21
839,221,51
839,224,61
839,225,8
839,231,69
839,236,99
839,237,454
839,240,19
839,255,8
839,256,8
839,257,8
839,259,23
839,265,37
839,273,8
839,274,9
839,278,19
839,283,8
839,285,12
839,287,27
839,291,12
840,1,9
840,2,10
840,7,26
840,10,10
840,15,61
840,16,62
840,18,11
840,20,23
840,22,34
840,24,10
840,26,11
840,27,23
840,28,28
840,29,29
840,30,37
840,32,14
840,34,299
840,35,48
840,39,8
840,51,8
840,61,12
840,101,56
840,121,32
840,131,38
840,161,9
840,171,49
840,181,13
840,191,16
840,201,11
840,701,24
845,1,3221
845,2,10
845,3,56
845,4,113
845,5,243
845,7,54
845,8,1805
845,9,81
845,12,8675
845,13,1651
845,14,26
845,15,45
845,16,31
845,17,76
845,20,114
845,22,1264
845,23,1876
845,24,859
845,25,2071
845,26,492
845,27,1180
845,29,3224
845,30,468
845,32,4508
845,33,1011
845,34,1130
845,35,505
845,36,372
845,37,741
845,38,321
845,40,82
845,41,122
845,43,735
845,44,223
845,45,181
845,46,106
845,47,161
845,48,948
845,49,1553
845,51,186
845,52,738
845,53,660
845,54,124
845,55,207
845,61,564
845,62,3310
845,71,134
845,72,864
845,81,6507
845,91,256
845,101,865
845,111,1252
855,1,105
855,3,42
855,6,13
855,51,9
855,81,130
855,91,29
855,221,84
855,241,46
855,251,131
858,10,422
858,20,1045
862,1,9
862,2,9
862,10,1680
863,10,19
863,12,200
863,13,292
863,14,28
863,15,288
863,17,27
863,18,44
863,19,16
863,20,100
863,21,55
869,2,106
869,3,109
869,4,17
869,7,81
869,8,99
869,12,8
869,13,23
869,14,69
869,15,144
869,16,144
869,17,77
869,18,25
869,19,13
869,20,17
869,22,23
869,23,27
869,24,161
869,25,24
869,29,33
869,41,16
869,43,24
869,44,25
869,45,31
869,46,29
869,47,28
869,48,35
869,49,45
869,52,48
869,53,58
869,54,18
869,55,22
869,58,170
869,59,21
869,60,42
869,62,24
869,63,52
869,64,16
869,66,39
869,67,18
869,68,9
869,69,9
869,70,56
869,72,36
869,77,14
869,79,23
869,83,12
869,86,8
869,88,20
869,89,21
869,141,17
869,192,26
869,232,11
869,251,55
869,261,24
869,301,39
869,311,48
869,341,25
869,391,18
869,401,12
869,411,63
869,481,16
869,491,26
869,501,62
869,511,21
869,521,307
869,531,33
869,541,12
869,551,90
869,561,65
869,571,56
869,2301,41
869,2401,10
869,3101,36
869,3201,66
869,3501,19
869,3601,90
869,3701,15
869,3901,16
869,3911,75
885,1,56
885,3,18
885,4,109
885,5,98
885,6,59
885,7,310
885,11,90
885,12,16
885,13,111
885,15,1084
885,16,167
885,17,45
885,18,10
885,19,1802
885,20,228
885,22,89
885,23,34
885,24,8
885,25,18
885,26,156
885,29,1085
885,30,19
885,31,21
885,32,709
885,34,88
885,37,47
885,38,1310
885,39,1105
885,41,35
885,42,22
885,43,85
885,44,8
885,45,609
885,46,39
885,47,223
885,48,128
885,50,84
885,51,43
885,52,276
885,53,70
885,54,33
885,57,15
885,58,12
885,63,10
885,64,38
885,65,192
885,68,62
885,69,110
885,71,16
885,72,69
885,77,40
885,79,8
885,83,104
885,100,25
885,103,111
885,105,104
885,106,8
885,107,176
885,108,16
885,109,76
885,110,350
885,112,11
885,115,228
885,116,20
885,117,1354
885,118,123
885,122,173
885,123,16
885,125,35
885,127,137
885,128,11
885,129,339
885,132,35
885,137,302
885,138,888
885,144,278
885,146,207
885,150,146
885,152,1781
885,153,56
885,155,18
885,156,9
885,157,20
885,165,285
885,166,31
885,167,36
885,169,16
885,172,11
885,173,12
885,177,1367
885,181,8
885,184,101
885,185,13
885,186,59
885,187,11
885,188,108
885,189,16
885,192,556
885,193,117
885,194,9
885,201,163
885,206,2833
885,207,363
885,208,5208
885,209,449
885,212,72
885,213,8
885,214,427
885,215,56
885,216,104
885,217,11
885,219,227
885,220,346
885,222,305
885,223,13
885,229,738
885,230,575
885,232,79
885,233,11
885,234,35
885,236,29
885,238,12
885,240,766
885,241,119
885,242,43
885,243,13
885,244,541
885,245,32
885,246,193
885,247,55
885,250,155
885,251,73
885,252,34
885,253,48
885,256,13
885,258,8
885,261,23
885,266,36
885,267,13
885,268,10
885,279,89
885,280,32
885,282,92
885,284,15
885,286,1346
885,293,192
885,300,46
885,301,157
885,305,14
885,309,84
885,313,9
885,315,57
885,317,15
885,325,96
885,327,67
885,329,199
885,330,12
885,332,136
885,333,22
885,335,340
885,338,15
885,341,9
885,342,1728
885,343,54
885,344,16
885,345,2308
885,347,9
885,349,437
885,355,38
885,357,1175
885,359,267
885,362,44
885,363,191
885,365,1793
885,367,20
885,372,25
885,375,76
885,377,8
885,380,15
885,382,165
885,384,12
885,386,17
885,394,1163
885,396,73
885,398,648
885,399,20
885,401,37
885,402,37
885,408,8
885,409,16
885,441,38
885,442,46
885,451,68
885,471,8
885,472,8
885,473,22
885,498,21
885,499,66
885,501,605
885,504,12
885,511,13
885,514,319
885,519,44
885,551,21
885,561,734
885,571,359
885,575,22
885,581,894
885,591,171
885,600,17
885,601,57
885,611,11
885,631,236
885,661,69
885,681,32
885,691,459
885,701,17
885,711,483
885,721,276
885,761,90
885,771,29
885,801,3091
885,821,874
885,841,570
885,850,76
885,851,34
885,860,20
885,861,44
885,871,12
885,881,27
885,891,14
885,901,487
885,911,78
885,921,12
885,941,35
885,951,88
885,961,77
885,971,74
885,981,2540
885,991,174
885,1001,45
885,1011,2565
885,1021,802
885,1031,813
885,1041,1427
885,1051,551
885,1061,10
885,1071,3035
885,1081,5100
885,1091,16
885,1121,50
885,1141,206
885,1151,735
885,1161,2806
885,1171,1275
899,1,80
899,2,61
899,3,23
899,6,24
899,7,21
899,8,16
899,10,40
899,12,12
899,13,9
899,15,68
899,16,103
899,17,14
899,18,63
899,20,16
899,31,195
899,71,217
899,81,12
899,91,51
907,21,39
907,121,10
910,1,8
910,3,12
910,4,42
910,11,8
910,15,11
910,20,18
910,27,8
910,31,43
910,42,12
910,43,8
910,51,18
920,2,33
920,3,127
920,9,16
920,10,17
920,21,15
920,25,24
920,26,8
920,27,24
920,28,17
920,51,18
920,61,24
920,71,76
920,81,14
920,91,9
925,50,13
928,1,447
928,2,114
928,3,106
928,4,24
928,5,38
928,6,189
928,7,38
928,8,54
928,9,42
928,12,34
928,13,113
928,15,16
928,16,108
928,17,418
928,18,185
928,19,48
928,20,188
928,21,76
928,23,51
928,24,549
928,25,174
928,27,84
928,32,115
928,36,122
928,41,20
928,44,9
928,50,10
928,51,9
928,53,32
928,54,25
928,55,435
928,65,24
928,66,178
928,67,59
928,69,61
928,70,289
928,72,16
928,73,29
928,74,81
928,75,20
928,80,51
928,100,32
928,121,22
928,150,19
928,152,51
928,162,8
928,182,55
928,192,35
928,202,64
928,221,264
928,250,14
928,260,166
928,270,19
928,280,11
928,291,10
928,320,18
928,371,116
928,410,15
928,411,21
928,431,217
928,441,94
928,600,16
928,611,23
928,700,10
928,850,13
928,1020,11
928,1051,54
940,1,23
940,2,74
940,3,9
940,4,32
940,5,32
940,6,13
940,7,237
940,8,228
940,9,19
940,12,31
940,13,32
940,14,35
940,15,21
940,16,45
940,17,263
940,18,283
940,19,231
940,22,18
940,23,17
940,28,26
940,29,187
940,37,12
940,39,12
940,45,18
940,47,107
940,48,19
940,50,31
940,51,113
940,53,158
940,54,189
940,55,28
940,56,130
940,57,214
940,58,34
940,61,24
940,63,48
940,66,137
940,68,24
940,72,37
940,73,64
940,74,8
940,75,112
940,78,34
940,79,27
940,80,16
940,83,81
940,87,116
940,92,52
940,93,17
940,94,15
940,100,22
940,101,26
940,110,11
940,121,75
940,130,16
940,140,16
940,141,50
940,145,62
940,146,12
940,181,49
940,190,12
940,211,16
940,230,8
940,240,33
940,261,8
940,262,32
940,282,18
940,301,37
940,361,30
940,401,11
940,450,9
940,530,8
940,540,22
940,541,30
940,551,31
940,700,10
940,931,29
940,940,12
940,951,12
940,2001,10
941,3,16
941,4,28
941,5,61
941,6,50
941,13,49
941,14,115
941,15,109
941,17,8
941,19,32
941,21,10
941,22,15
941,24,14
941,25,19
941,31,17
941,37,15
941,42,13
941,54,9
941,250,17
941,300,23
941,570,85
941,811,89
941,1200,13
941,1800,10
941,2300,27
941,3007,16
941,3010,69
941,4000,16
961,5,26
961,6,16
961,7,275
961,8,271
961,9,19
961,11,33
961,12,192
961,13,40
961,14,92
961,15,91
961,16,148
961,19,87
961,21,267
961,25,212
961,26,8
961,27,203
961,31,46
961,36,59
961,37,58
961,38,125
961,41,399
961,42,333
961,43,520
961,44,124
961,45,123
961,47,20
961,48,16
961,50,140
961,51,41
961,54,22
961,55,11
961,58,32
961,60,90
961,61,149
961,65,8
961,66,18
961,67,11
961,71,381
961,72,29
961,73,178
961,74,42
961,75,708
961,76,239
961,77,48
961,79,152
961,80,29
961,81,295
961,85,17
961,88,8
961,90,15
961,91,286
961,92,26
961,101,84
961,111,22
961,121,68
961,131,52
961,141,24
961,151,30
961,171,30
961,191,8
961,211,302
961,221,258
961,231,709
961,241,88
961,321,73
961,351,71
961,371,9
961,381,102
961,391,15
961,411,19
961,421,9
961,441,11
961,471,22
961,521,423
961,531,641
961,541,110
961,1611,107
961,1712,168
961,1812,52
961,1911,671
962,4,300
962,5,26
962,6,42
962,8,96
962,10,143
962,11,24
962,13,25
962,14,14
962,15,21
962,17,9
962,18,13
962,19,25
962,25,96
962,27,11
962,28,174
962,29,45
962,33,146
962,35,13
962,311,53
962,331,75
962,361,22
962,371,10
962,411,28
973,1,29
973,3,308
973,4,152
973,5,123
973,6,431
973,7,160
973,8,28
973,10,276
973,12,80
973,13,44
973,14,152
973,15,225
973,16,62
973,17,224
973,18,120
973,19,317
973,21,129
973,23,11
973,29,68
973,33,34
973,35,10
973,36,125
973,50,156
973,55,291
973,57,57
973,59,574
973,61,1693
973,63,99
973,65,775
973,67,224
973,69,1397
973,73,54
973,78,42
973,79,183
973,80,59
973,81,12
973,83,439
973,84,44
973,86,225
973,87,24
973,89,144
973,90,15
973,92,673
973,93,127
973,95,178
973,96,71
973,98,53
973,99,47
973,100,19
973,101,15
973,102,59
973,103,67
973,104,86
973,105,37
973,107,40
973,108,151
973,109,122
973,110,57
973,113,130
973,114,185
973,115,12
977,2,11
977,4,9
981,1,50
981,2,253
981,3,92
981,4,39
981,5,43
981,10,68
981,11,180
981,12,14
981,16,147
981,17,41
981,23,439
981,26,191
981,27,44
990,7,27
990,13,11
990,14,9
990,19,51
990,23,19
990,24,9
990,25,17
990,40,28
990,42,37
990,49,62
990,50,37
990,52,36
990,55,13
990,56,26
990,57,24
990,62,18
990,63,10
990,67,66
990,68,38
990,69,62
990,72,36
990,75,22
990,76,10
990,83,27
990,86,19
990,96,12
990,97,11
990,99,20
990,100,8
990,103,10
990,700,11
990,790,22
1213,1,10
1331,1,15
