,dmake,dmodel,dyear,tozeret_cd,model_cd
55000,Kia,CEED,2014,416,74
55001,Kia,CEED,2014,416,75
55002,Kia,CEED,2014,416,76
55003,Kia,CEED,2014,416,77
55004,Kia,CEED,2014,416,78
55005,Kia,CEED,2014,416,79
55006,Kia,CEED,2015,416,29
55007,Kia,CEED,2015,416,32
55008,Kia,CEED,2015,416,33
55009,Kia,CEED,2015,416,34
55010,Kia,CEED,2015,416,35
55011,Kia,CEED,2015,416,36
55012,Kia,CEED,2015,416,37
55013,Kia,CEED,2015,416,65
55014,Kia,CEED,2015,416,66
55015,Kia,CEED,2015,416,67
55016,Kia,CEED,2015,416,68
55017,Kia,CEED,2015,416,69
55018,Kia,CEED,2015,416,70
55019,Kia,CEED,2015,416,72
55020,Kia,CEED,2015,416,73
55021,Kia,CEED,2015,416,74
55022,Kia,CEED,2015,416,75
55023,Kia,CEED,2015,416,76
55024,Kia,CEED,2015,416,77
55025,Kia,CEED,2015,416,78
55026,Kia,CEED,2015,416,79
55027,Kia,CEED,2015,416,90
55028,Kia,CEED,2015,416,92
55029,Kia,CEED,2015,416,93
55030,Kia,CEED,2015,416,94
55031,Kia,CEED,2015,416,95
55032,Kia,CEED,2015,416,96
55033,Kia,CEED,2015,416,97
55034,Kia,CEED,2015,416,98
55035,Kia,CEED,2015,416,99
55036,Kia,CEED,2015,416,100
55037,Kia,CEED,2015,416,102
55038,Kia,CEED,2015,416,103
55039,Kia,CEED,2015,416,104
55040,Kia,CEED,2015,416,105
55041,Kia,CEED,2015,416,106
55042,Kia,CEED,2015,416,107
55043,Kia,CEED,2015,416,108
55044,Kia,CEED,2015,416,109
55045,Kia,CEED,2015,416,231
55046,Kia,CEED,2016,416,65
55047,Kia,CEED,2016,416,76
55048,Kia,CEED,2016,416,90
55049,Kia,CEED,2016,416,92
55050,Kia,CEED,2016,416,93
55051,Kia,CEED,2016,416,94
55052,Kia,CEED,2016,416,95
55053,Kia,CEED,2016,416,96
55054,Kia,CEED,2016,416,97
55055,Kia,CEED,2016,416,98
55056,Kia,CEED,2016,416,99
55057,Kia,CEED,2016,416,100
55058,Kia,CEED,2016,416,102
55059,Kia,CEED,2016,416,103
55060,Kia,CEED,2016,416,105
55061,Kia,CEED,2016,416,106
55062,Kia,CEED,2016,416,107
55063,Kia,CEED,2016,416,108
55064,Kia,CEED,2016,416,109
55065,Kia,CEED,2016,416,126
55066,Kia,CEED,2016,416,127
55067,Kia,CEED,2016,416,128
55068,Kia,CEED,2016,416,129
55069,Kia,CEED,2016,416,130
55070,Kia,CEED,2016,416,132
55071,Kia,CEED,2016,416,133
55072,Kia,CEED,2016,416,134
55073,Kia,CEED,2016,416,135
55074,Kia,CEED,2016,416,136
55075,Kia,CEED,2016,416,137
55076,Kia,CEED,2016,416,138
55077,Kia,CEED,2016,416,139
55078,Kia,CEED,2016,416,140
55079,Kia,CEED,2016,416,142
55080,Kia,CEED,2016,416,144
55081,Kia,CEED,2016,416,145
55082,Kia,CEED,2016,416,146
55083,Kia,CEED,2016,416,147
55084,Kia,CEED,2016,416,148
55085,Kia,CEED,2016,416,149
55086,Kia,CEED,2016,416,152
55087,Kia,CEED,2016,416,153
55088,Kia,CEED,2016,416,155
55089,Kia,CEED,2016,416,156
55090,Kia,CEED,2016,416,178
55091,Kia,CEED,2016,416,179
55092,Kia,CEED,2016,416,180
55093,Kia,CEED,2016,416,182
55094,Kia,CEED,2016,416,185
55095,Kia,CEED,2016,416,193
55096,Kia,CEED,2016,416,231
55097,Kia,CEED,2017,416,106
55098,Kia,CEED,2017,416,126
55099,Kia,CEED,2017,416,128
55100,Kia,CEED,2017,416,130
55101,Kia,CEED,2017,416,133
55102,Kia,CEED,2017,416,135
55103,Kia,CEED,2017,416,137
55104,Kia,CEED,2017,416,139
55105,Kia,CEED,2017,416,140
55106,Kia,CEED,2017,416,144
55107,Kia,CEED,2017,416,145
55108,Kia,CEED,2017,416,146
55109,Kia,CEED,2017,416,147
55110,Kia,CEED,2017,416,148
55111,Kia,CEED,2017,416,149
55112,Kia,CEED,2017,416,155
55113,Kia,CEED,2017,416,156
55114,Kia,CEED,2017,416,157
55115,Kia,CEED,2017,416,158
55116,Kia,CEED,2017,416,159
55117,Kia,CEED,2017,416,162
55118,Kia,CEED,2017,416,163
55119,Kia,CEED,2017,416,164
55120,Kia,CEED,2017,416,165
55121,Kia,CEED,2017,416,166
55122,Kia,CEED,2017,416,167
55123,Kia,CEED,2017,416,177
55124,Kia,CEED,2017,416,178
55125,Kia,CEED,2017,416,179
55126,Kia,CEED,2017,416,180
55127,Kia,CEED,2017,416,182
55128,Kia,CEED,2017,416,183
55129,Kia,CEED,2017,416,184
55130,Kia,CEED,2017,416,185
55131,Kia,CEED,2017,416,186
55132,Kia,CEED,2017,416,187
55133,Kia,CEED,2017,416,193
55134,Kia,CEED,2017,885,387
55135,Kia,CEED,2018,416,144
55136,Kia,CEED,2018,416,145
55137,Kia,CEED,2018,416,146
55138,Kia,CEED,2018,416,147
55139,Kia,CEED,2018,416,156
55140,Kia,CEED,2018,416,159
55141,Kia,CEED,2018,416,163
55142,Kia,CEED,2018,416,165
55143,Kia,CEED,2018,416,167
55144,Kia,CEED,2018,416,177
55145,Kia,CEED,2018,416,178
55146,Kia,CEED,2018,416,179
55147,Kia,CEED,2018,416,180
55148,Kia,CEED,2018,416,182
55149,Kia,CEED,2018,416,183
55150,Kia,CEED,2018,416,184
55151,Kia,CEED,2018,416,185
55152,Kia,CEED,2018,416,186
55153,Kia,CEED,2018,416,187
55154,Kia,CEED,2018,416,193
55155,Kia,CEED,2018,416,198
55156,Kia,CEED,2018,416,199
55157,Kia,CEED,2019,416,198
55158,Kia,CEED,2019,416,199
55159,Kia,CEED,2019,416,200
55160,Kia,CEED,2019,416,202
55161,Kia,CEED,2019,416,204
55162,Kia,CEED,2019,416,207
55163,Kia,CEED,2019,416,218
55164,Kia,CEED,2020,416,198
55165,Kia,CEED,2020,416,199
55166,Kia,CEED,2020,416,200
55167,Kia,CEED,2020,416,202
55168,Kia,CEED,2020,416,204
55169,Kia,CEED,2020,416,207
55170,Kia,CEED,2020,416,218
55171,Kia,CEED,2020,416,219
55172,Kia,CEED,2021,416,198
55173,Kia,CEED,2021,416,199
55174,Kia,CEED,2021,416,200
55175,Kia,CEED,2021,416,202
55176,Kia,CEED,2021,416,204
55177,Kia,CEED,2021,416,219
55178,Kia,CEED,2021,416,228
55179,Kia,CEED,2021,416,229
55180,Kia,CEED,2022,416,229
55181,Kia,CEED,2022,416,240
55182,Kia,CEED,2022,416,242
55183,Kia,CEED,2022,416,244
55184,Kia,CEED,2022,416,245
55185,Kia,CEED,2022,416,246
55186,Kia,CEED,2022,416,247
55187,Kia,CERAT0?,2006,885,201
55188,Kia,CERATO?,2005,885,251
55189,Kia,CERATO?,2005,885,261
55190,Kia,CERATO?,2006,885,251
55191,Kia,CERATO?,2006,885,261
55192,Kia,CERATO?,2006,885,341
55193,Kia,CERATO?,2006,885,351
55194,Kia,CERATO?,2006,885,511
55195,Kia,CERATO?,2007,885,471
55196,Kia,CERATO?,2008,885,471
55197,Kia,CERATO?,2008,885,571
55198,Kia,CERATO?,2009,885,571
55199,Kia,DEED?,2009,416,30
55200,Kia,DEED?,2010,416,30
55201,Kia,DEED?,2011,416,30
55202,Kia,EV6?,2022,885,554
55203,Kia,FORTE?,2009,885,801
55204,Kia,FORTE?,2009,885,841
55205,Kia,FORTE?,2010,885,801
55206,Kia,FORTE?,2010,885,841
55207,Kia,FORTE?,2010,885,1011
55208,Kia,FORTE?,2010,885,1021
55209,Kia,FORTE?,2011,885,801
55210,Kia,FORTE?,2011,885,841
55211,Kia,FORTE?,2011,885,1011
55212,Kia,FORTE?,2011,885,1021
55213,Kia,FORTE?,2012,885,1011
55214,Kia,FORTE?,2012,885,1021
55215,Kia,FORTE?,2013,885,19
55216,Kia,FORTE?,2013,885,20
55217,Kia,FORTE?,2013,885,52
55218,Kia,FORTE?,2013,885,53
55219,Kia,FORTE?,2013,885,1011
55220,Kia,FORTE?,2013,885,1021
55221,Kia,FORTE?,2014,885,52
55222,Kia,FORTE?,2014,885,53
55223,Kia,FORTE?,2014,885,83
55224,Kia,FORTE?,2014,885,84
55225,Kia,FORTE?,2014,885,109
55226,Kia,FORTE?,2014,885,112
55227,Kia,FORTE?,2014,885,113
55228,Kia,FORTE?,2014,885,114
55229,Kia,FORTE?,2014,885,150
55230,Kia,FORTE?,2014,885,152
55231,Kia,FORTE?,2014,885,153
55232,Kia,FORTE?,2014,885,154
55233,Kia,FORTE?,2015,885,53
55234,Kia,FORTE?,2015,885,150
55235,Kia,FORTE?,2015,885,152
55236,Kia,FORTE?,2015,885,153
55237,Kia,FORTE?,2015,885,154
55238,Kia,FORTE?,2015,885,228
55239,Kia,FORTE?,2015,885,229
55240,Kia,FORTE?,2015,885,232
55241,Kia,FORTE?,2015,885,233
55242,Kia,FORTE?,2015,885,1241
55243,Kia,FORTE?,2016,885,228
55244,Kia,FORTE?,2016,885,229
55245,Kia,FORTE?,2016,885,232
55246,Kia,FORTE?,2016,885,233
55247,Kia,FORTE?,2016,885,275
55248,Kia,FORTE?,2016,885,276
55249,Kia,FORTE?,2016,885,277
55250,Kia,FORTE?,2016,885,278
55251,Kia,FORTE?,2016,885,354
55252,Kia,FORTE?,2016,885,355
55253,Kia,FORTE?,2016,885,357
55254,Kia,FORTE?,2016,885,358
55255,Kia,FORTE?,2016,885,360
55256,Kia,FORTE?,2016,885,363
55257,Kia,FORTE?,2016,885,370
55258,Kia,FORTE?,2016,885,372
55259,Kia,FORTE?,2016,885,420
55260,Kia,FORTE?,2016,885,422
55261,Kia,FORTE?,2016,885,1241
55262,Kia,FORTE?,2017,885,357
55263,Kia,FORTE?,2017,885,358
55264,Kia,FORTE?,2017,885,360
55265,Kia,FORTE?,2017,885,363
55266,Kia,FORTE?,2017,885,370
55267,Kia,FORTE?,2017,885,372
55268,Kia,FORTE?,2017,885,406
55269,Kia,FORTE?,2017,885,419
55270,Kia,FORTE?,2017,885,420
55271,Kia,FORTE?,2017,885,422
55272,Kia,FORTE?,2018,885,357
55273,Kia,FORTE?,2018,885,363
55274,Kia,FORTE?,2018,885,372
55275,Kia,FORTE?,2018,885,406
55276,Kia,FORTE?,2018,885,419
55277,Kia,FORTE?,2018,885,420
55278,Kia,FORTE?,2018,885,422
55279,Kia,FORTE?,2018,885,477
55280,Kia,K-2500-BONGO?,2019,885,2
55281,Kia,K2500?,2019,885,1
55282,Kia,K2500?,2020,885,1
55283,Kia,K2500?,2020,885,3
55284,Kia,K2500?,2020,885,5
55285,Kia,K2500?,2021,885,5
55286,Kia,K2500?,2022,885,5
55287,Kia,K900?,2015,885,255
55288,Kia,MAGENITS?,2008,885,320
55289,Kia,MAGENTIS?,2005,885,391
55290,Kia,MAGENTIS?,2007,885,10
55291,Kia,MAGENTIS?,2007,885,12
55292,Kia,MAGENTIS?,2007,885,441
55293,Kia,MAGENTIS?,2007,885,442
55294,Kia,MAGENTIS?,2007,885,521
55295,Kia,MAGENTIS?,2007,885,522
55296,Kia,MAGENTIS?,2007,885,531
55297,Kia,MAGENTIS?,2008,885,442
55298,Kia,MAGENTIS?,2008,885,522
55299,Kia,MAGENTIS?,2008,885,531
55300,Kia,MAGENTIS?,2008,885,601
55301,Kia,MAGENTIS?,2008,885,611
55302,Kia,MAGENTIS?,2008,885,620
55303,Kia,MAGENTIS?,2008,885,621
55304,Kia,MAGENTIS?,2008,885,651
55305,Kia,MAGENTIS?,2008,885,761
55306,Kia,MAGENTIS?,2008,885,771
55307,Kia,MAGENTIS?,2009,885,601
55308,Kia,MAGENTIS?,2009,885,620
55309,Kia,MAGENTIS?,2009,885,651
55310,Kia,MAGENTIS?,2009,885,761
55311,Kia,MAGENTIS?,2009,885,771
55312,Kia,MAGENTIS?,2009,885,800
55313,Kia,MAGENTIS?,2009,885,811
55314,Kia,MAGENTIS?,2009,885,840
55315,Kia,MAGENTIS?,2009,885,860
55316,Kia,MAGENTIS?,2009,885,871
55317,Kia,MAGENTIS?,2010,885,761
55318,Kia,MAGENTIS?,2010,885,771
55319,Kia,MAGENTIS?,2010,885,860
55320,Kia,MAGENTIS?,2010,885,871
55321,Kia,MAGENTIS?,2011,885,761
55322,Kia,MAGENTIS?,2011,885,771
55323,Kia,MAGENTIS?,2011,885,860
55324,Kia,MAGENTIS?,2011,885,871
55325,Kia,MENTOR?,2004,885,21
55326,Kia,MENTOR?,2004,885,231
55327,Kia,NIRO,2016,885,364
55328,Kia,NIRO,2016,885,365
55329,Kia,NIRO,2016,885,438
55330,Kia,NIRO,2016,885,446
55331,Kia,NIRO,2017,885,365
55332,Kia,NIRO,2017,885,438
55333,Kia,NIRO,2017,885,446
55334,Kia,NIRO,2018,885,365
55335,Kia,NIRO,2018,885,438
55336,Kia,NIRO,2018,885,446
55337,Kia,NIRO,2018,885,460
55338,Kia,NIRO,2019,885,438
55339,Kia,NIRO,2019,885,446
55340,Kia,NIRO,2019,885,460
55341,Kia,NIRO,2019,885,487
55342,Kia,NIRO,2019,885,494
55343,Kia,NIRO,2019,885,495
55344,Kia,NIRO,2020,885,460
55345,Kia,NIRO,2020,885,494
55346,Kia,NIRO,2020,885,495
55347,Kia,NIRO,2020,885,514
55348,Kia,NIRO,2021,885,495
55349,Kia,NIRO,2021,885,514
55350,Kia,NIRO,2022,885,514
55351,Kia,NIRO,2019,885,496
55352,Kia,NIRO,2019,885,497
55353,Kia,NIRO,2020,885,497
55354,Kia,NIRO,2021,885,497
55355,Kia,NIRO,2021,885,542
55356,Kia,NIRO,2022,885,542
55357,Kia,NIRO,2018,885,448
55358,Kia,NIRO,2019,885,448
55359,Kia,NIRO,2019,885,500
55360,Kia,NIRO,2019,885,502
55361,Kia,NIRO,2020,885,448
55362,Kia,NIRO,2020,885,500
55363,Kia,NIRO,2020,885,502
55364,Kia,NIRO,2020,885,506
55365,Kia,NIRO,2021,885,502
55366,Kia,NIRO,2021,885,506
55367,Kia,NIRO,2021,885,543
55368,Kia,NIRO,2022,885,502
55369,Kia,NIRO,2022,885,506
55370,Kia,NIRO,2022,885,543
55371,Kia,OPIRUS?,2005,885,271
55372,Kia,OPIRUS?,2008,885,741
55373,Kia,OPIRUS?,2009,885,831
55374,Kia,OPTIMA,2012,885,2
55375,Kia,OPTIMA,2012,885,3
55376,Kia,OPTIMA,2013,885,3
55377,Kia,OPTIMA,2013,885,24
55378,Kia,OPTIMA,2013,885,62
55379,Kia,OPTIMA,2014,885,59
55380,Kia,OPTIMA,2014,885,62
55381,Kia,OPTIMA,2014,885,92
55382,Kia,OPTIMA,2014,885,93
55383,Kia,OPTIMA,2014,885,159
55384,Kia,OPTIMA,2014,885,162
55385,Kia,OPTIMA,2014,885,163
55386,Kia,OPTIMA,2014,885,164
55387,Kia,OPTIMA,2014,885,1201
55388,Kia,OPTIMA,2015,885,59
55389,Kia,OPTIMA,2015,885,62
55390,Kia,OPTIMA,2015,885,159
55391,Kia,OPTIMA,2015,885,162
55392,Kia,OPTIMA,2015,885,163
55393,Kia,OPTIMA,2015,885,164
55394,Kia,OPTIMA,2015,885,1201
55395,Kia,OPTIMA,2016,885,262
55396,Kia,OPTIMA,2016,885,263
55397,Kia,OPTIMA,2016,885,264
55398,Kia,OPTIMA,2016,885,265
55399,Kia,OPTIMA,2016,885,270
55400,Kia,OPTIMA,2016,885,272
55401,Kia,OPTIMA,2016,885,273
55402,Kia,OPTIMA,2016,885,274
55403,Kia,OPTIMA,2016,885,299
55404,Kia,OPTIMA,2016,885,302
55405,Kia,OPTIMA,2016,885,303
55406,Kia,OPTIMA,2016,885,304
55407,Kia,OPTIMA,2016,885,339
55408,Kia,OPTIMA,2016,885,340
55409,Kia,OPTIMA,2017,885,299
55410,Kia,OPTIMA,2017,885,303
55411,Kia,OPTIMA,2017,885,339
55412,Kia,OPTIMA,2017,885,340
55413,Kia,OPTIMA,2017,885,379
55414,Kia,OPTIMA,2017,885,380
55415,Kia,OPTIMA,2017,885,383
55416,Kia,OPTIMA,2017,885,384
55417,Kia,OPTIMA,2017,885,403
55418,Kia,OPTIMA,2018,885,380
55419,Kia,OPTIMA,2018,885,384
55420,Kia,OPTIMA,2018,885,472
55421,Kia,OPTIMA,2018,885,473
55422,Kia,OPTIMA,2019,885,472
55423,Kia,OPTIMA,2019,885,473
55424,Kia,OPTIMA,2020,885,472
55425,Kia,OPTIMA,2020,885,473
55426,Kia,OPTIMA,2016,885,373
55427,Kia,OPTIMA,2017,885,373
55428,Kia,OPTIMA,2017,885,408
55429,Kia,OPTIMA,2017,885,409
55430,Kia,OPTIMA,2017,885,424
55431,Kia,OPTIMA,2017,885,425
55432,Kia,OPTIMA,2017,885,439
55433,Kia,OPTIMA,2018,885,408
55434,Kia,OPTIMA,2018,885,409
55435,Kia,OPTIMA,2018,885,424
55436,Kia,OPTIMA,2018,885,425
55437,Kia,OPTIMA,2018,885,439
55438,Kia,OPTIMA,2019,885,408
55439,Kia,OPTIMA,2019,885,409
55440,Kia,OPTIMA,2019,885,498
55441,Kia,OPTIMA,2019,885,499
55442,Kia,OPTIMA,2020,885,498
55443,Kia,OPTIMA,2020,885,499
55444,Kia,OPTIMA,2021,885,498
55445,Kia,OPTIMA,2021,885,499
55446,Kia,OPTIMA,2012,885,18
55447,Kia,OPTIMA,2012,885,4
55448,Kia,OPTIMA,2013,885,4
55449,Kia,OPTIMA,2013,885,57
55450,Kia,OPTIMA,2014,885,57
55451,Kia,OPTIMA,2014,885,88
55452,Kia,OPTIMA,2014,885,155
55453,Kia,OPTIMA,2014,885,156
55454,Kia,OPTIMA,2015,885,57
55455,Kia,OPTIMA,2015,885,155
55456,Kia,OPTIMA,2015,885,156
55457,Kia,OPTIMA,2016,885,155
55458,Kia,OPTIMA,2016,885,156
55459,Kia,OPTIMA,2012,885,5
55460,Kia,OPTIMA,2013,885,5
55461,Kia,OPTIMA,2013,885,58
55462,Kia,OPTIMA,2014,885,58
55463,Kia,OPTIMA,2014,885,89
55464,Kia,OPTIMA,2014,885,157
55465,Kia,OPTIMA,2014,885,158
55466,Kia,OPTIMA,2015,885,58
55467,Kia,OPTIMA,2015,885,157
55468,Kia,OPTIMA,2015,885,158
55469,Kia,OPTIMA,2016,885,157
55470,Kia,OPTIMA,2016,885,158
55471,Kia,PICANTO,2011,885,1071
55472,Kia,PICANTO,2012,885,1071
55473,Kia,PICANTO,2013,885,1071
55474,Kia,PICANTO,2011,885,230
55475,Kia,PICANTO,2011,885,1081
55476,Kia,PICANTO,2012,885,15
55477,Kia,PICANTO,2012,885,230
55478,Kia,PICANTO,2012,885,1081
55479,Kia,PICANTO,2013,885,15
55480,Kia,PICANTO,2013,885,25
55481,Kia,PICANTO,2013,885,29
55482,Kia,PICANTO,2013,885,32
55483,Kia,PICANTO,2013,885,33
55484,Kia,PICANTO,2013,885,34
55485,Kia,PICANTO,2013,885,37
55486,Kia,PICANTO,2013,885,38
55487,Kia,PICANTO,2013,885,39
55488,Kia,PICANTO,2013,885,42
55489,Kia,PICANTO,2013,885,69
55490,Kia,PICANTO,2013,885,1081
55491,Kia,PICANTO,2014,885,34
55492,Kia,PICANTO,2014,885,38
55493,Kia,PICANTO,2014,885,39
55494,Kia,PICANTO,2014,885,42
55495,Kia,PICANTO,2014,885,69
55496,Kia,PICANTO,2014,885,70
55497,Kia,PICANTO,2014,885,72
55498,Kia,PICANTO,2014,885,73
55499,Kia,PICANTO,2014,885,74
55500,Kia,PICANTO,2014,885,103
55501,Kia,PICANTO,2014,885,104
55502,Kia,PICANTO,2014,885,115
55503,Kia,PICANTO,2014,885,116
55504,Kia,PICANTO,2014,885,117
55505,Kia,PICANTO,2014,885,118
55506,Kia,PICANTO,2014,885,119
55507,Kia,PICANTO,2014,885,122
55508,Kia,PICANTO,2014,885,127
55509,Kia,PICANTO,2014,885,128
55510,Kia,PICANTO,2014,885,129
55511,Kia,PICANTO,2014,885,132
55512,Kia,PICANTO,2014,885,177
55513,Kia,PICANTO,2014,885,475
55514,Kia,PICANTO,2014,885,476
55515,Kia,PICANTO,2015,885,38
55516,Kia,PICANTO,2015,885,39
55517,Kia,PICANTO,2015,885,42
55518,Kia,PICANTO,2015,885,69
55519,Kia,PICANTO,2015,885,103
55520,Kia,PICANTO,2015,885,115
55521,Kia,PICANTO,2015,885,116
55522,Kia,PICANTO,2015,885,117
55523,Kia,PICANTO,2015,885,118
55524,Kia,PICANTO,2015,885,122
55525,Kia,PICANTO,2015,885,127
55526,Kia,PICANTO,2015,885,128
55527,Kia,PICANTO,2015,885,129
55528,Kia,PICANTO,2015,885,132
55529,Kia,PICANTO,2015,885,177
55530,Kia,PICANTO,2015,885,196
55531,Kia,PICANTO,2015,885,197
55532,Kia,PICANTO,2015,885,198
55533,Kia,PICANTO,2015,885,199
55534,Kia,PICANTO,2015,885,202
55535,Kia,PICANTO,2015,885,203
55536,Kia,PICANTO,2015,885,205
55537,Kia,PICANTO,2015,885,206
55538,Kia,PICANTO,2015,885,207
55539,Kia,PICANTO,2015,885,208
55540,Kia,PICANTO,2015,885,209
55541,Kia,PICANTO,2015,885,212
55542,Kia,PICANTO,2015,885,213
55543,Kia,PICANTO,2015,885,214
55544,Kia,PICANTO,2015,885,215
55545,Kia,PICANTO,2015,885,216
55546,Kia,PICANTO,2015,885,217
55547,Kia,PICANTO,2015,885,244
55548,Kia,PICANTO,2015,885,245
55549,Kia,PICANTO,2015,885,475
55550,Kia,PICANTO,2015,885,476
55551,Kia,PICANTO,2016,885,206
55552,Kia,PICANTO,2016,885,207
55553,Kia,PICANTO,2016,885,208
55554,Kia,PICANTO,2016,885,209
55555,Kia,PICANTO,2016,885,212
55556,Kia,PICANTO,2016,885,213
55557,Kia,PICANTO,2016,885,214
55558,Kia,PICANTO,2016,885,215
55559,Kia,PICANTO,2016,885,216
55560,Kia,PICANTO,2016,885,217
55561,Kia,PICANTO,2016,885,244
55562,Kia,PICANTO,2016,885,245
55563,Kia,PICANTO,2016,885,279
55564,Kia,PICANTO,2016,885,280
55565,Kia,PICANTO,2016,885,282
55566,Kia,PICANTO,2016,885,283
55567,Kia,PICANTO,2016,885,284
55568,Kia,PICANTO,2016,885,285
55569,Kia,PICANTO,2016,885,286
55570,Kia,PICANTO,2016,885,287
55571,Kia,PICANTO,2016,885,288
55572,Kia,PICANTO,2016,885,289
55573,Kia,PICANTO,2016,885,290
55574,Kia,PICANTO,2016,885,292
55575,Kia,PICANTO,2016,885,342
55576,Kia,PICANTO,2016,885,343
55577,Kia,PICANTO,2016,885,344
55578,Kia,PICANTO,2016,885,345
55579,Kia,PICANTO,2016,885,346
55580,Kia,PICANTO,2016,885,347
55581,Kia,PICANTO,2017,885,279
55582,Kia,PICANTO,2017,885,282
55583,Kia,PICANTO,2017,885,284
55584,Kia,PICANTO,2017,885,286
55585,Kia,PICANTO,2017,885,342
55586,Kia,PICANTO,2017,885,343
55587,Kia,PICANTO,2017,885,344
55588,Kia,PICANTO,2017,885,345
55589,Kia,PICANTO,2017,885,389
55590,Kia,PICANTO,2017,885,390
55591,Kia,PICANTO,2017,885,392
55592,Kia,PICANTO,2017,885,393
55593,Kia,PICANTO,2017,885,394
55594,Kia,PICANTO,2017,885,395
55595,Kia,PICANTO,2017,885,396
55596,Kia,PICANTO,2017,885,397
55597,Kia,PICANTO,2017,885,398
55598,Kia,PICANTO,2017,885,399
55599,Kia,PICANTO,2017,885,402
55600,Kia,PICANTO,2017,885,418
55601,Kia,PICANTO,2017,885,443
55602,Kia,PICANTO,2017,885,469
55603,Kia,PICANTO,2017,885,478
55604,Kia,PICANTO,2018,885,389
55605,Kia,PICANTO,2018,885,394
55606,Kia,PICANTO,2018,885,396
55607,Kia,PICANTO,2018,885,398
55608,Kia,PICANTO,2018,885,399
55609,Kia,PICANTO,2018,885,402
55610,Kia,PICANTO,2018,885,418
55611,Kia,PICANTO,2018,885,443
55612,Kia,PICANTO,2018,885,444
55613,Kia,PICANTO,2018,885,452
55614,Kia,PICANTO,2018,885,462
55615,Kia,PICANTO,2018,885,463
55616,Kia,PICANTO,2018,885,466
55617,Kia,PICANTO,2018,885,469
55618,Kia,PICANTO,2018,885,470
55619,Kia,PICANTO,2018,885,478
55620,Kia,PICANTO,2018,885,479
55621,Kia,PICANTO,2018,885,480
55622,Kia,PICANTO,2019,885,418
55623,Kia,PICANTO,2019,885,443
55624,Kia,PICANTO,2019,885,462
55625,Kia,PICANTO,2019,885,463
55626,Kia,PICANTO,2019,885,466
55627,Kia,PICANTO,2019,885,470
55628,Kia,PICANTO,2019,885,479
55629,Kia,PICANTO,2019,885,480
55630,Kia,PICANTO,2019,885,493
55631,Kia,PICANTO,2020,885,443
55632,Kia,PICANTO,2020,885,462
55633,Kia,PICANTO,2020,885,463
55634,Kia,PICANTO,2020,885,466
55635,Kia,PICANTO,2020,885,479
55636,Kia,PICANTO,2020,885,480
55637,Kia,PICANTO,2020,885,493
55638,Kia,PICANTO,2021,885,443
55639,Kia,PICANTO,2021,885,463
55640,Kia,PICANTO,2021,885,466
55641,Kia,PICANTO,2021,885,479
55642,Kia,PICANTO,2021,885,493
55643,Kia,PICANTO,2021,885,520
55644,Kia,PICANTO,2021,885,523
55645,Kia,PICANTO,2021,885,524
55646,Kia,PICANTO,2021,885,525
55647,Kia,PICANTO,2021,885,537
55648,Kia,PICANTO,2021,885,547
55649,Kia,PICANTO,2022,885,463
55650,Kia,PICANTO,2022,885,520
55651,Kia,PICANTO,2022,885,523
55652,Kia,PICANTO,2022,885,524
55653,Kia,PICANTO,2022,885,537
55654,Kia,PICANTO,2022,885,547
55655,Kia,PICANTO,2004,885,11
55656,Kia,PICANTO,2005,885,11
55657,Kia,RIO,2006,885,140
55658,Kia,RIO,2007,885,140
55659,Kia,RIO,2007,885,142
55660,Kia,RIO,2008,885,781
55661,Kia,RIO,2009,885,781
55662,Kia,RIO,2009,885,851
55663,Kia,RIO,2010,885,851
55664,Kia,RIO,2011,885,40
55665,Kia,RIO,2012,885,40
55666,Kia,RIO,2012,885,240
55667,Kia,RIO,2012,885,1151
55668,Kia,RIO,2012,885,1171
55669,Kia,RIO,2013,885,240
55670,Kia,RIO,2013,885,1151
55671,Kia,RIO,2013,885,1171
55672,Kia,RIO,2014,885,1171
55673,Kia,RIO,2004,885,51
55674,Kia,RIO,2004,885,61
55675,Kia,RIO,2004,885,71
55676,Kia,RIO,2004,885,81
55677,Kia,RIO,2005,885,51
55678,Kia,RIO,2006,885,281
55679,Kia,RIO,2006,885,361
55680,Kia,RIO,2006,885,371
55681,Kia,RIO,2006,885,381
55682,Kia,RIO,2007,885,361
55683,Kia,RIO,2007,885,362
55684,Kia,RIO,2007,885,371
55685,Kia,RIO,2007,885,381
55686,Kia,RIO,2007,885,382
55687,Kia,RIO,2008,885,362
55688,Kia,RIO,2008,885,382
55689,Kia,RIO,2008,885,581
55690,Kia,RIO,2008,885,591
55691,Kia,RIO,2008,885,600
55692,Kia,RIO,2009,885,581
55693,Kia,RIO,2009,885,591
55694,Kia,RIO,2009,885,600
55695,Kia,RIO,2009,885,821
55696,Kia,RIO,2009,885,850
55697,Kia,RIO,2009,885,861
55698,Kia,RIO,2009,885,1271
55699,Kia,RIO,2010,885,821
55700,Kia,RIO,2010,885,850
55701,Kia,RIO,2010,885,861
55702,Kia,RIO,2010,885,911
55703,Kia,RIO,2010,885,981
55704,Kia,RIO,2011,885,850
55705,Kia,RIO,2011,885,911
55706,Kia,RIO,2011,885,981
55707,Kia,RIO,2011,885,1101
55708,Kia,RIO,2012,885,14
55709,Kia,RIO,2012,885,17
55710,Kia,RIO,2012,885,50
55711,Kia,RIO,2012,885,981
55712,Kia,RIO,2012,885,1141
55713,Kia,RIO,2012,885,1161
55714,Kia,RIO,2013,885,17
55715,Kia,RIO,2013,885,35
55716,Kia,RIO,2013,885,43
55717,Kia,RIO,2013,885,44
55718,Kia,RIO,2013,885,45
55719,Kia,RIO,2013,885,46
55720,Kia,RIO,2013,885,47
55721,Kia,RIO,2013,885,48
55722,Kia,RIO,2013,885,49
55723,Kia,RIO,2013,885,50
55724,Kia,RIO,2013,885,1141
55725,Kia,RIO,2013,885,1161
55726,Kia,RIO,2014,885,17
55727,Kia,RIO,2014,885,43
55728,Kia,RIO,2014,885,44
55729,Kia,RIO,2014,885,45
55730,Kia,RIO,2014,885,46
55731,Kia,RIO,2014,885,47
55732,Kia,RIO,2014,885,48
55733,Kia,RIO,2014,885,49
55734,Kia,RIO,2014,885,50
55735,Kia,RIO,2014,885,75
55736,Kia,RIO,2014,885,76
55737,Kia,RIO,2014,885,77
55738,Kia,RIO,2014,885,78
55739,Kia,RIO,2014,885,79
55740,Kia,RIO,2014,885,80
55741,Kia,RIO,2014,885,82
55742,Kia,RIO,2014,885,133
55743,Kia,RIO,2014,885,134
55744,Kia,RIO,2014,885,135
55745,Kia,RIO,2014,885,136
55746,Kia,RIO,2014,885,137
55747,Kia,RIO,2014,885,138
55748,Kia,RIO,2014,885,139
55749,Kia,RIO,2014,885,143
55750,Kia,RIO,2014,885,144
55751,Kia,RIO,2014,885,145
55752,Kia,RIO,2014,885,146
55753,Kia,RIO,2014,885,147
55754,Kia,RIO,2014,885,148
55755,Kia,RIO,2014,885,149
55756,Kia,RIO,2014,885,175
55757,Kia,RIO,2014,885,176
55758,Kia,RIO,2014,885,178
55759,Kia,RIO,2014,885,179
55760,Kia,RIO,2014,885,183
55761,Kia,RIO,2015,885,43
55762,Kia,RIO,2015,885,45
55763,Kia,RIO,2015,885,47
55764,Kia,RIO,2015,885,48
55765,Kia,RIO,2015,885,49
55766,Kia,RIO,2015,885,133
55767,Kia,RIO,2015,885,134
55768,Kia,RIO,2015,885,137
55769,Kia,RIO,2015,885,138
55770,Kia,RIO,2015,885,139
55771,Kia,RIO,2015,885,143
55772,Kia,RIO,2015,885,144
55773,Kia,RIO,2015,885,145
55774,Kia,RIO,2015,885,146
55775,Kia,RIO,2015,885,147
55776,Kia,RIO,2015,885,148
55777,Kia,RIO,2015,885,149
55778,Kia,RIO,2015,885,175
55779,Kia,RIO,2015,885,176
55780,Kia,RIO,2015,885,178
55781,Kia,RIO,2015,885,186
55782,Kia,RIO,2015,885,187
55783,Kia,RIO,2015,885,188
55784,Kia,RIO,2015,885,189
55785,Kia,RIO,2015,885,192
55786,Kia,RIO,2015,885,193
55787,Kia,RIO,2015,885,194
55788,Kia,RIO,2015,885,195
55789,Kia,RIO,2015,885,210
55790,Kia,RIO,2015,885,219
55791,Kia,RIO,2015,885,222
55792,Kia,RIO,2015,885,226
55793,Kia,RIO,2015,885,227
55794,Kia,RIO,2016,885,186
55795,Kia,RIO,2016,885,187
55796,Kia,RIO,2016,885,188
55797,Kia,RIO,2016,885,189
55798,Kia,RIO,2016,885,192
55799,Kia,RIO,2016,885,193
55800,Kia,RIO,2016,885,194
55801,Kia,RIO,2016,885,195
55802,Kia,RIO,2016,885,219
55803,Kia,RIO,2016,885,222
55804,Kia,RIO,2016,885,293
55805,Kia,RIO,2016,885,294
55806,Kia,RIO,2016,885,348
55807,Kia,RIO,2016,885,349
55808,Kia,RIO,2016,885,350
55809,Kia,RIO,2016,885,352
55810,Kia,RIO,2016,885,353
55811,Kia,RIO,2016,885,359
55812,Kia,RIO,2017,305,1
55813,Kia,RIO,2017,305,2
55814,Kia,RIO,2017,305,3
55815,Kia,RIO,2017,305,4
55816,Kia,RIO,2017,305,5
55817,Kia,RIO,2017,305,6
55818,Kia,RIO,2017,416,160
55819,Kia,RIO,2017,885,186
55820,Kia,RIO,2017,885,194
55821,Kia,RIO,2017,885,219
55822,Kia,RIO,2017,885,293
55823,Kia,RIO,2017,885,349
55824,Kia,RIO,2017,885,350
55825,Kia,RIO,2017,885,352
55826,Kia,RIO,2017,885,359
55827,Kia,RIO,2017,885,376
55828,Kia,RIO,2017,885,388
55829,Kia,RIO,2018,305,1
55830,Kia,RIO,2018,305,3
55831,Kia,RIO,2018,305,4
55832,Kia,RIO,2018,305,5
55833,Kia,RIO,2018,305,6
55834,Kia,RIO,2018,885,352
55835,Kia,RIO,2018,885,376
55836,Kia,RIO,2018,885,388
55837,Kia,RIO,2018,885,465
55838,Kia,RIO,2019,885,137
55839,Kia,RIO,2019,885,465
55840,Kia,RIO,2019,885,488
55841,Kia,RIO,2020,885,138
55842,Kia,RIO,2020,885,488
55843,Kia,RIO,2020,885,503
55844,Kia,RIO,2020,885,510
55845,Kia,RIO,2021,885,510
55846,Kia,RIO,2021,885,549
55847,Kia,RIO,2022,885,510
55848,Kia,RIO,2022,885,549
55849,Kia,RIO,2022,885,555
55850,Kia,SELTOS?,2020,885,507
55851,Kia,SELTOS?,2020,885,508
55852,Kia,SELTOS?,2020,885,509
55853,Kia,SELTOS?,2021,885,507
55854,Kia,SELTOS?,2021,885,508
55855,Kia,SELTOS?,2022,885,507
55856,Kia,SELTOS?,2022,885,508
55857,Kia,SELTOS?,2022,885,556
55858,Kia,SELTOS?,2022,885,558
55859,Kia,SORENTO,2008,885,661
55860,Kia,SORENTO,2008,885,671
55861,Kia,SORENTO,2009,885,661
55862,Kia,SORENTO,2010,885,961
55863,Kia,SORENTO,2011,885,961
55864,Kia,SORENTO,2012,885,961
55865,Kia,SORENTO,2004,885,50
55866,Kia,SORENTO,2004,885,220
55867,Kia,SORENTO,2005,885,50
55868,Kia,SORENTO,2005,885,220
55869,Kia,SORENTO,2006,885,220
55870,Kia,SORENTO,2007,885,21
55871,Kia,SORENTO,2007,885,29
55872,Kia,SORENTO,2007,885,30
55873,Kia,SORENTO,2008,885,38
55874,Kia,SORENTO,2008,885,39
55875,Kia,SORENTO,2008,885,40
55876,Kia,SORENTO,2010,885,28
55877,Kia,SORENTO,2010,885,881
55878,Kia,SORENTO,2010,885,891
55879,Kia,SORENTO,2010,885,941
55880,Kia,SORENTO,2010,885,951
55881,Kia,SORENTO,2010,885,971
55882,Kia,SORENTO,2010,885,1221
55883,Kia,SORENTO,2011,885,28
55884,Kia,SORENTO,2011,885,881
55885,Kia,SORENTO,2011,885,941
55886,Kia,SORENTO,2011,885,951
55887,Kia,SORENTO,2011,885,971
55888,Kia,SORENTO,2011,885,1221
55889,Kia,SORENTO,2012,885,47
55890,Kia,SORENTO,2012,885,49
55891,Kia,SORENTO,2012,885,1
55892,Kia,SORENTO,2012,885,6
55893,Kia,SORENTO,2012,885,7
55894,Kia,SORENTO,2012,885,8
55895,Kia,SORENTO,2012,885,9
55896,Kia,SORENTO,2012,885,13
55897,Kia,SORENTO,2012,885,16
55898,Kia,SORENTO,2012,885,941
55899,Kia,SORENTO,2012,885,951
55900,Kia,SORENTO,2012,885,971
55901,Kia,SORENTO,2012,885,1221
55902,Kia,SORENTO,2013,885,47
55903,Kia,SORENTO,2013,885,49
55904,Kia,SORENTO,2013,885,51
55905,Kia,SORENTO,2013,885,6
55906,Kia,SORENTO,2013,885,7
55907,Kia,SORENTO,2013,885,8
55908,Kia,SORENTO,2013,885,9
55909,Kia,SORENTO,2013,885,13
55910,Kia,SORENTO,2013,885,16
55911,Kia,SORENTO,2013,885,36
55912,Kia,SORENTO,2013,885,65
55913,Kia,SORENTO,2013,885,66
55914,Kia,SORENTO,2013,885,67
55915,Kia,SORENTO,2013,885,68
55916,Kia,SORENTO,2013,885,951
55917,Kia,SORENTO,2013,885,971
55918,Kia,SORENTO,2013,885,1221
55919,Kia,SORENTO,2014,885,47
55920,Kia,SORENTO,2014,885,49
55921,Kia,SORENTO,2014,885,51
55922,Kia,SORENTO,2014,885,16
55923,Kia,SORENTO,2014,885,65
55924,Kia,SORENTO,2014,885,66
55925,Kia,SORENTO,2014,885,67
55926,Kia,SORENTO,2014,885,68
55927,Kia,SORENTO,2014,885,96
55928,Kia,SORENTO,2014,885,97
55929,Kia,SORENTO,2014,885,98
55930,Kia,SORENTO,2014,885,99
55931,Kia,SORENTO,2014,885,102
55932,Kia,SORENTO,2014,885,165
55933,Kia,SORENTO,2014,885,166
55934,Kia,SORENTO,2014,885,167
55935,Kia,SORENTO,2014,885,168
55936,Kia,SORENTO,2014,885,169
55937,Kia,SORENTO,2014,885,172
55938,Kia,SORENTO,2014,885,180
55939,Kia,SORENTO,2014,885,182
55940,Kia,SORENTO,2015,885,47
55941,Kia,SORENTO,2015,885,49
55942,Kia,SORENTO,2015,885,57
55943,Kia,SORENTO,2015,885,16
55944,Kia,SORENTO,2015,885,65
55945,Kia,SORENTO,2015,885,66
55946,Kia,SORENTO,2015,885,68
55947,Kia,SORENTO,2015,885,165
55948,Kia,SORENTO,2015,885,166
55949,Kia,SORENTO,2015,885,167
55950,Kia,SORENTO,2015,885,168
55951,Kia,SORENTO,2015,885,169
55952,Kia,SORENTO,2015,885,172
55953,Kia,SORENTO,2015,885,180
55954,Kia,SORENTO,2015,885,182
55955,Kia,SORENTO,2015,885,218
55956,Kia,SORENTO,2015,885,246
55957,Kia,SORENTO,2015,885,247
55958,Kia,SORENTO,2015,885,248
55959,Kia,SORENTO,2015,885,249
55960,Kia,SORENTO,2015,885,250
55961,Kia,SORENTO,2015,885,252
55962,Kia,SORENTO,2015,885,253
55963,Kia,SORENTO,2015,885,254
55964,Kia,SORENTO,2015,885,256
55965,Kia,SORENTO,2015,885,257
55966,Kia,SORENTO,2015,885,259
55967,Kia,SORENTO,2015,885,260
55968,Kia,SORENTO,2016,885,45
55969,Kia,SORENTO,2016,885,48
55970,Kia,SORENTO,2016,885,61
55971,Kia,SORENTO,2016,885,169
55972,Kia,SORENTO,2016,885,172
55973,Kia,SORENTO,2016,885,246
55974,Kia,SORENTO,2016,885,247
55975,Kia,SORENTO,2016,885,250
55976,Kia,SORENTO,2016,885,252
55977,Kia,SORENTO,2016,885,253
55978,Kia,SORENTO,2016,885,254
55979,Kia,SORENTO,2016,885,256
55980,Kia,SORENTO,2016,885,257
55981,Kia,SORENTO,2016,885,259
55982,Kia,SORENTO,2016,885,260
55983,Kia,SORENTO,2016,885,309
55984,Kia,SORENTO,2016,885,312
55985,Kia,SORENTO,2016,885,313
55986,Kia,SORENTO,2016,885,314
55987,Kia,SORENTO,2016,885,315
55988,Kia,SORENTO,2016,885,316
55989,Kia,SORENTO,2016,885,317
55990,Kia,SORENTO,2016,885,318
55991,Kia,SORENTO,2016,885,319
55992,Kia,SORENTO,2016,885,322
55993,Kia,SORENTO,2016,885,329
55994,Kia,SORENTO,2016,885,330
55995,Kia,SORENTO,2016,885,332
55996,Kia,SORENTO,2016,885,333
55997,Kia,SORENTO,2016,885,334
55998,Kia,SORENTO,2016,885,374
55999,Kia,SORENTO,2016,885,375
56000,Kia,SORENTO,2016,885,435
56001,Kia,SORENTO,2017,885,48
56002,Kia,SORENTO,2017,885,61
56003,Kia,SORENTO,2017,885,309
56004,Kia,SORENTO,2017,885,313
56005,Kia,SORENTO,2017,885,315
56006,Kia,SORENTO,2017,885,317
56007,Kia,SORENTO,2017,885,319
56008,Kia,SORENTO,2017,885,329
56009,Kia,SORENTO,2017,885,330
56010,Kia,SORENTO,2017,885,332
56011,Kia,SORENTO,2017,885,333
56012,Kia,SORENTO,2017,885,334
56013,Kia,SORENTO,2017,885,374
56014,Kia,SORENTO,2017,885,375
56015,Kia,SORENTO,2017,885,385
56016,Kia,SORENTO,2017,885,386
56017,Kia,SORENTO,2017,885,410
56018,Kia,SORENTO,2017,885,412
56019,Kia,SORENTO,2017,885,413
56020,Kia,SORENTO,2017,885,414
56021,Kia,SORENTO,2017,885,415
56022,Kia,SORENTO,2017,885,416
56023,Kia,SORENTO,2017,885,417
56024,Kia,SORENTO,2017,885,429
56025,Kia,SORENTO,2017,885,430
56026,Kia,SORENTO,2017,885,432
56027,Kia,SORENTO,2017,885,433
56028,Kia,SORENTO,2017,885,434
56029,Kia,SORENTO,2017,885,435
56030,Kia,SORENTO,2018,885,4
56031,Kia,SORENTO,2018,885,72
56032,Kia,SORENTO,2018,885,80
56033,Kia,SORENTO,2018,885,375
56034,Kia,SORENTO,2018,885,410
56035,Kia,SORENTO,2018,885,412
56036,Kia,SORENTO,2018,885,413
56037,Kia,SORENTO,2018,885,416
56038,Kia,SORENTO,2018,885,417
56039,Kia,SORENTO,2018,885,429
56040,Kia,SORENTO,2018,885,430
56041,Kia,SORENTO,2018,885,432
56042,Kia,SORENTO,2018,885,433
56043,Kia,SORENTO,2018,885,434
56044,Kia,SORENTO,2018,885,435
56045,Kia,SORENTO,2018,885,459
56046,Kia,SORENTO,2018,885,464
56047,Kia,SORENTO,2018,885,474
56048,Kia,SORENTO,2018,885,482
56049,Kia,SORENTO,2018,885,483
56050,Kia,SORENTO,2019,885,4
56051,Kia,SORENTO,2019,885,72
56052,Kia,SORENTO,2019,885,375
56053,Kia,SORENTO,2019,885,429
56054,Kia,SORENTO,2019,885,430
56055,Kia,SORENTO,2019,885,432
56056,Kia,SORENTO,2019,885,459
56057,Kia,SORENTO,2019,885,464
56058,Kia,SORENTO,2019,885,482
56059,Kia,SORENTO,2019,885,483
56060,Kia,SORENTO,2019,885,489
56061,Kia,SORENTO,2019,885,492
56062,Kia,SORENTO,2020,885,4
56063,Kia,SORENTO,2020,885,432
56064,Kia,SORENTO,2020,885,459
56065,Kia,SORENTO,2020,885,464
56066,Kia,SORENTO,2020,885,483
56067,Kia,SORENTO,2020,885,489
56068,Kia,SORENTO,2020,885,492
56069,Kia,SORENTO,2021,885,459
56070,Kia,SORENTO,2021,885,464
56071,Kia,SORENTO,2021,885,489
56072,Kia,SORENTO,2021,885,516
56073,Kia,SORENTO,2021,885,517
56074,Kia,SORENTO,2021,885,526
56075,Kia,SORENTO,2021,885,527
56076,Kia,SORENTO,2021,885,528
56077,Kia,SORENTO,2021,885,529
56078,Kia,SORENTO,2021,885,530
56079,Kia,SORENTO,2021,885,532
56080,Kia,SORENTO,2021,885,533
56081,Kia,SORENTO,2021,885,536
56082,Kia,SORENTO,2021,885,540
56083,Kia,SORENTO,2021,885,550
56084,Kia,SORENTO,2022,885,529
56085,Kia,SORENTO,2022,885,530
56086,Kia,SORENTO,2022,885,532
56087,Kia,SORENTO,2022,885,533
56088,Kia,SORENTO,2022,885,540
56089,Kia,SORENTO,2022,885,550
56090,Kia,SORENTO,2004,885,10
56091,Kia,SOUL,2010,885,921
56092,Kia,SOUL,2010,885,1001
56093,Kia,SOUL,2010,885,1061
56094,Kia,SOUL,2011,885,30
56095,Kia,SOUL,2011,885,501
56096,Kia,SOUL,2011,885,921
56097,Kia,SOUL,2011,885,1001
56098,Kia,SOUL,2011,885,1061
56099,Kia,SOUL,2011,885,1091
56100,Kia,SOUL,2011,885,1121
56101,Kia,SOUL,2011,885,1261
56102,Kia,SOUL,2012,885,30
56103,Kia,SOUL,2012,885,501
56104,Kia,SOUL,2012,885,1001
56105,Kia,SOUL,2012,885,1091
56106,Kia,SOUL,2012,885,1121
56107,Kia,SOUL,2012,885,1261
56108,Kia,SOUL,2013,885,26
56109,Kia,SOUL,2013,885,27
56110,Kia,SOUL,2013,885,28
56111,Kia,SOUL,2013,885,30
56112,Kia,SOUL,2013,885,54
56113,Kia,SOUL,2013,885,55
56114,Kia,SOUL,2013,885,56
56115,Kia,SOUL,2013,885,501
56116,Kia,SOUL,2013,885,615
56117,Kia,SOUL,2013,885,1121
56118,Kia,SOUL,2014,885,26
56119,Kia,SOUL,2014,885,54
56120,Kia,SOUL,2014,885,55
56121,Kia,SOUL,2014,885,56
56122,Kia,SOUL,2014,885,85
56123,Kia,SOUL,2014,885,86
56124,Kia,SOUL,2014,885,87
56125,Kia,SOUL,2014,885,105
56126,Kia,SOUL,2014,885,106
56127,Kia,SOUL,2014,885,107
56128,Kia,SOUL,2014,885,108
56129,Kia,SOUL,2014,885,173
56130,Kia,SOUL,2014,885,174
56131,Kia,SOUL,2014,885,615
56132,Kia,SOUL,2015,885,105
56133,Kia,SOUL,2015,885,106
56134,Kia,SOUL,2015,885,107
56135,Kia,SOUL,2015,885,108
56136,Kia,SOUL,2015,885,173
56137,Kia,SOUL,2015,885,174
56138,Kia,SOUL,2015,885,234
56139,Kia,SOUL,2015,885,235
56140,Kia,SOUL,2015,885,236
56141,Kia,SOUL,2015,885,237
56142,Kia,SOUL,2015,885,238
56143,Kia,SOUL,2015,885,239
56144,Kia,SOUL,2016,885,105
56145,Kia,SOUL,2016,885,107
56146,Kia,SOUL,2016,885,234
56147,Kia,SOUL,2016,885,235
56148,Kia,SOUL,2016,885,236
56149,Kia,SOUL,2016,885,237
56150,Kia,SOUL,2016,885,238
56151,Kia,SOUL,2016,885,239
56152,Kia,SOUL,2016,885,295
56153,Kia,SOUL,2016,885,296
56154,Kia,SOUL,2016,885,297
56155,Kia,SOUL,2016,885,298
56156,Kia,SOUL,2016,885,323
56157,Kia,SOUL,2016,885,324
56158,Kia,SOUL,2016,885,336
56159,Kia,SOUL,2016,885,337
56160,Kia,SOUL,2016,885,338
56161,Kia,SOUL,2016,885,366
56162,Kia,SOUL,2016,885,367
56163,Kia,SOUL,2016,885,368
56164,Kia,SOUL,2016,885,369
56165,Kia,SOUL,2016,885,423
56166,Kia,SOUL,2017,885,297
56167,Kia,SOUL,2017,885,323
56168,Kia,SOUL,2017,885,337
56169,Kia,SOUL,2017,885,338
56170,Kia,SOUL,2017,885,366
56171,Kia,SOUL,2017,885,367
56172,Kia,SOUL,2017,885,368
56173,Kia,SOUL,2017,885,369
56174,Kia,SOUL,2017,885,377
56175,Kia,SOUL,2017,885,378
56176,Kia,SOUL,2017,885,423
56177,Kia,SOUL,2018,885,367
56178,Kia,SOUL,2018,885,369
56179,Kia,SOUL,2018,885,378
56180,Kia,SPORTAGE,2005,885,321
56181,Kia,SPORTAGE,2005,885,331
56182,Kia,SPORTAGE,2008,885,551
56183,Kia,SPORTAGE,2008,885,561
56184,Kia,SPORTAGE,2008,885,931
56185,Kia,SPORTAGE,2009,885,551
56186,Kia,SPORTAGE,2009,885,561
56187,Kia,SPORTAGE,2009,885,931
56188,Kia,SPORTAGE,2010,885,58
56189,Kia,SPORTAGE,2010,885,901
56190,Kia,SPORTAGE,2010,885,1031
56191,Kia,SPORTAGE,2010,885,1041
56192,Kia,SPORTAGE,2010,885,1051
56193,Kia,SPORTAGE,2010,885,1191
56194,Kia,SPORTAGE,2010,885,1211
56195,Kia,SPORTAGE,2010,885,1231
56196,Kia,SPORTAGE,2010,885,1251
56197,Kia,SPORTAGE,2011,885,58
56198,Kia,SPORTAGE,2011,885,901
56199,Kia,SPORTAGE,2011,885,1031
56200,Kia,SPORTAGE,2011,885,1041
56201,Kia,SPORTAGE,2011,885,1051
56202,Kia,SPORTAGE,2011,885,1111
56203,Kia,SPORTAGE,2011,885,1191
56204,Kia,SPORTAGE,2011,885,1211
56205,Kia,SPORTAGE,2011,885,1231
56206,Kia,SPORTAGE,2011,885,1251
56207,Kia,SPORTAGE,2012,885,58
56208,Kia,SPORTAGE,2012,885,1031
56209,Kia,SPORTAGE,2012,885,1041
56210,Kia,SPORTAGE,2012,885,1051
56211,Kia,SPORTAGE,2012,885,1111
56212,Kia,SPORTAGE,2012,885,1191
56213,Kia,SPORTAGE,2012,885,1211
56214,Kia,SPORTAGE,2012,885,1231
56215,Kia,SPORTAGE,2013,885,58
56216,Kia,SPORTAGE,2013,416,16
56217,Kia,SPORTAGE,2013,416,17
56218,Kia,SPORTAGE,2013,416,18
56219,Kia,SPORTAGE,2013,416,38
56220,Kia,SPORTAGE,2013,416,39
56221,Kia,SPORTAGE,2013,416,42
56222,Kia,SPORTAGE,2013,416,201
56223,Kia,SPORTAGE,2013,416,221
56224,Kia,SPORTAGE,2013,416,251
56225,Kia,SPORTAGE,2013,416,261
56226,Kia,SPORTAGE,2013,885,1031
56227,Kia,SPORTAGE,2013,885,1041
56228,Kia,SPORTAGE,2013,885,1051
56229,Kia,SPORTAGE,2013,885,1191
56230,Kia,SPORTAGE,2013,885,1211
56231,Kia,SPORTAGE,2013,885,1231
56232,Kia,SPORTAGE,2014,416,38
56233,Kia,SPORTAGE,2014,416,39
56234,Kia,SPORTAGE,2014,416,42
56235,Kia,SPORTAGE,2014,416,52
56236,Kia,SPORTAGE,2014,416,53
56237,Kia,SPORTAGE,2014,416,54
56238,Kia,SPORTAGE,2014,416,55
56239,Kia,SPORTAGE,2014,416,56
56240,Kia,SPORTAGE,2014,416,57
56241,Kia,SPORTAGE,2014,416,58
56242,Kia,SPORTAGE,2014,416,59
56243,Kia,SPORTAGE,2014,416,60
56244,Kia,SPORTAGE,2014,416,62
56245,Kia,SPORTAGE,2014,416,63
56246,Kia,SPORTAGE,2014,416,64
56247,Kia,SPORTAGE,2014,416,80
56248,Kia,SPORTAGE,2014,416,171
56249,Kia,SPORTAGE,2014,416,181
56250,Kia,SPORTAGE,2014,416,191
56251,Kia,SPORTAGE,2014,416,201
56252,Kia,SPORTAGE,2014,416,241
56253,Kia,SPORTAGE,2014,416,251
56254,Kia,SPORTAGE,2014,416,261
56255,Kia,SPORTAGE,2014,885,1051
56256,Kia,SPORTAGE,2014,885,1231
56257,Kia,SPORTAGE,2015,416,55
56258,Kia,SPORTAGE,2015,416,56
56259,Kia,SPORTAGE,2015,416,57
56260,Kia,SPORTAGE,2015,416,58
56261,Kia,SPORTAGE,2015,416,59
56262,Kia,SPORTAGE,2015,416,60
56263,Kia,SPORTAGE,2015,416,62
56264,Kia,SPORTAGE,2015,416,63
56265,Kia,SPORTAGE,2015,416,80
56266,Kia,SPORTAGE,2015,416,82
56267,Kia,SPORTAGE,2015,416,83
56268,Kia,SPORTAGE,2015,416,84
56269,Kia,SPORTAGE,2015,416,85
56270,Kia,SPORTAGE,2015,416,86
56271,Kia,SPORTAGE,2015,416,87
56272,Kia,SPORTAGE,2015,416,88
56273,Kia,SPORTAGE,2015,416,89
56274,Kia,SPORTAGE,2015,416,171
56275,Kia,SPORTAGE,2015,416,181
56276,Kia,SPORTAGE,2015,416,191
56277,Kia,SPORTAGE,2015,416,241
56278,Kia,SPORTAGE,2016,416,10
56279,Kia,SPORTAGE,2016,416,20
56280,Kia,SPORTAGE,2016,416,30
56281,Kia,SPORTAGE,2016,416,55
56282,Kia,SPORTAGE,2016,416,56
56283,Kia,SPORTAGE,2016,416,57
56284,Kia,SPORTAGE,2016,416,58
56285,Kia,SPORTAGE,2016,416,84
56286,Kia,SPORTAGE,2016,416,85
56287,Kia,SPORTAGE,2016,416,86
56288,Kia,SPORTAGE,2016,416,87
56289,Kia,SPORTAGE,2016,416,112
56290,Kia,SPORTAGE,2016,416,113
56291,Kia,SPORTAGE,2016,416,114
56292,Kia,SPORTAGE,2016,416,115
56293,Kia,SPORTAGE,2016,416,116
56294,Kia,SPORTAGE,2016,416,117
56295,Kia,SPORTAGE,2016,416,118
56296,Kia,SPORTAGE,2016,416,119
56297,Kia,SPORTAGE,2016,416,120
56298,Kia,SPORTAGE,2016,416,122
56299,Kia,SPORTAGE,2016,416,123
56300,Kia,SPORTAGE,2016,416,124
56301,Kia,SPORTAGE,2016,416,125
56302,Kia,SPORTAGE,2016,416,143
56303,Kia,SPORTAGE,2016,416,150
56304,Kia,SPORTAGE,2016,416,154
56305,Kia,SPORTAGE,2016,416,171
56306,Kia,SPORTAGE,2016,416,181
56307,Kia,SPORTAGE,2016,416,194
56308,Kia,SPORTAGE,2016,416,211
56309,Kia,SPORTAGE,2016,416,241
56310,Kia,SPORTAGE,2016,416,271
56311,Kia,SPORTAGE,2017,416,11
56312,Kia,SPORTAGE,2017,416,30
56313,Kia,SPORTAGE,2017,416,40
56314,Kia,SPORTAGE,2017,416,50
56315,Kia,SPORTAGE,2017,416,60
56316,Kia,SPORTAGE,2017,416,70
56317,Kia,SPORTAGE,2017,416,120
56318,Kia,SPORTAGE,2017,416,122
56319,Kia,SPORTAGE,2017,416,123
56320,Kia,SPORTAGE,2017,416,124
56321,Kia,SPORTAGE,2017,416,154
56322,Kia,SPORTAGE,2017,416,168
56323,Kia,SPORTAGE,2017,416,169
56324,Kia,SPORTAGE,2017,416,170
56325,Kia,SPORTAGE,2017,416,172
56326,Kia,SPORTAGE,2017,416,173
56327,Kia,SPORTAGE,2017,416,174
56328,Kia,SPORTAGE,2017,416,175
56329,Kia,SPORTAGE,2017,416,176
56330,Kia,SPORTAGE,2017,416,188
56331,Kia,SPORTAGE,2017,416,189
56332,Kia,SPORTAGE,2017,416,190
56333,Kia,SPORTAGE,2017,416,192
56334,Kia,SPORTAGE,2017,416,194
56335,Kia,SPORTAGE,2017,416,195
56336,Kia,SPORTAGE,2017,416,196
56337,Kia,SPORTAGE,2018,416,11
56338,Kia,SPORTAGE,2018,416,40
56339,Kia,SPORTAGE,2018,416,50
56340,Kia,SPORTAGE,2018,416,60
56341,Kia,SPORTAGE,2018,416,70
56342,Kia,SPORTAGE,2018,416,122
56343,Kia,SPORTAGE,2018,416,124
56344,Kia,SPORTAGE,2018,416,154
56345,Kia,SPORTAGE,2018,416,168
56346,Kia,SPORTAGE,2018,416,170
56347,Kia,SPORTAGE,2018,416,172
56348,Kia,SPORTAGE,2018,416,173
56349,Kia,SPORTAGE,2018,416,174
56350,Kia,SPORTAGE,2018,416,188
56351,Kia,SPORTAGE,2018,416,189
56352,Kia,SPORTAGE,2018,416,190
56353,Kia,SPORTAGE,2018,416,192
56354,Kia,SPORTAGE,2018,416,194
56355,Kia,SPORTAGE,2018,416,195
56356,Kia,SPORTAGE,2018,416,196
56357,Kia,SPORTAGE,2018,416,197
56358,Kia,SPORTAGE,2019,416,50
56359,Kia,SPORTAGE,2019,416,60
56360,Kia,SPORTAGE,2019,416,70
56361,Kia,SPORTAGE,2019,416,189
56362,Kia,SPORTAGE,2019,416,190
56363,Kia,SPORTAGE,2019,416,192
56364,Kia,SPORTAGE,2019,416,197
56365,Kia,SPORTAGE,2019,416,203
56366,Kia,SPORTAGE,2019,416,205
56367,Kia,SPORTAGE,2019,416,206
56368,Kia,SPORTAGE,2019,416,208
56369,Kia,SPORTAGE,2019,416,209
56370,Kia,SPORTAGE,2019,416,210
56371,Kia,SPORTAGE,2019,416,212
56372,Kia,SPORTAGE,2019,416,213
56373,Kia,SPORTAGE,2020,416,203
56374,Kia,SPORTAGE,2020,416,205
56375,Kia,SPORTAGE,2020,416,206
56376,Kia,SPORTAGE,2020,416,208
56377,Kia,SPORTAGE,2020,416,209
56378,Kia,SPORTAGE,2020,416,210
56379,Kia,SPORTAGE,2020,416,212
56380,Kia,SPORTAGE,2020,416,213
56381,Kia,SPORTAGE,2020,416,222
56382,Kia,SPORTAGE,2020,416,223
56383,Kia,SPORTAGE,2021,416,203
56384,Kia,SPORTAGE,2021,416,205
56385,Kia,SPORTAGE,2021,416,208
56386,Kia,SPORTAGE,2021,416,209
56387,Kia,SPORTAGE,2021,416,210
56388,Kia,SPORTAGE,2021,416,212
56389,Kia,SPORTAGE,2021,416,213
56390,Kia,SPORTAGE,2021,416,222
56391,Kia,SPORTAGE,2021,416,223
56392,Kia,SPORTAGE,2021,416,224
56393,Kia,SPORTAGE,2021,416,225
56394,Kia,SPORTAGE,2021,416,226
56395,Kia,SPORTAGE,2021,416,227
56396,Kia,SPORTAGE,2021,416,230
56397,Kia,SPORTAGE,2021,416,234
56398,Kia,SPORTAGE,2021,416,235
56399,Kia,SPORTAGE,2021,416,236
56400,Kia,SPORTAGE,2021,416,237
56401,Kia,SPORTAGE,2021,416,238
56402,Kia,SPORTAGE,2021,416,239
56403,Kia,SPORTAGE,2022,416,222
56404,Kia,SPORTAGE,2022,416,223
56405,Kia,SPORTAGE,2022,416,224
56406,Kia,SPORTAGE,2022,416,226
56407,Kia,SPORTAGE,2022,416,227
56408,Kia,SPORTAGE,2022,416,230
56409,Kia,SPORTAGE,2022,416,234
56410,Kia,SPORTAGE,2022,416,235
56411,Kia,SPORTAGE,2022,416,236
56412,Kia,SPORTAGE,2022,416,237
56413,Kia,SPORTAGE,2022,416,238
56414,Kia,SPORTAGE,2022,416,239
56415,Kia,SPORTAGE,2022,416,243
56416,Kia,SPORTAGE,2022,416,248
56417,Kia,SPORTAGE,2022,416,249
56418,Kia,STINGER,2018,885,449
56419,Kia,STINGER,2018,885,450
56420,Kia,STINGER,2018,885,484
56421,Kia,STINGER,2019,885,449
56422,Kia,STINGER,2019,885,450
56423,Kia,STINGER,2019,885,484
56424,Kia,STINGER,2019,885,485
56425,Kia,STINGER,2019,885,486
56426,Kia,STINGER,2020,885,485
56427,Kia,STINGER,2020,885,486
56428,Kia,STONIC,2018,885,447
56429,Kia,STONIC,2018,885,455
56430,Kia,STONIC,2018,885,456
56431,Kia,STONIC,2018,885,457
56432,Kia,STONIC,2018,885,458
56433,Kia,STONIC,2019,885,447
56434,Kia,STONIC,2019,885,455
56435,Kia,STONIC,2019,885,456
56436,Kia,STONIC,2019,885,457
56437,Kia,STONIC,2019,885,458
56438,Kia,STONIC,2019,885,490
56439,Kia,STONIC,2020,885,455
56440,Kia,STONIC,2020,885,456
56441,Kia,STONIC,2020,885,457
56442,Kia,STONIC,2020,885,490
56443,Kia,STONIC,2020,885,504
56444,Kia,STONIC,2020,885,512
56445,Kia,STONIC,2020,885,513
56446,Kia,STONIC,2020,885,515
56447,Kia,STONIC,2021,885,456
56448,Kia,STONIC,2021,885,457
56449,Kia,STONIC,2021,885,504
56450,Kia,STONIC,2021,885,512
56451,Kia,STONIC,2021,885,513
56452,Kia,STONIC,2021,885,515
56453,Kia,STONIC,2021,885,518
56454,Kia,STONIC,2021,885,519
56455,Kia,STONIC,2022,885,512
56456,Kia,STONIC,2022,885,513
56457,Kia,STONIC,2022,885,515
56458,Kia,STONIC,2022,885,518
56459,Kia,STONIC,2022,885,519
56460,Kia,SUPER-TRACK?,2005,885,15
56461,Kia,SUPER-TRACK?,2005,885,16
56462,Kia,SUPER-TRACK?,2005,885,17
56463,Kia,SUPER-TRACK?,2006,885,15
56464,Kia,SUPER-TRACK?,2006,885,16
56465,Kia,SUPER-TRACK?,2006,885,17
56466,Kia,SUPER-TRACK?,2007,885,15
56467,Kia,SUPER-TRACK?,2007,885,16
56468,Kia,SUPER-TRACK?,2007,885,17
56469,Kia,SUPER-TRACK?,2007,885,22
56470,Kia,SUPER-TRACK?,2007,885,24
56471,Kia,SUPER-TRUCK?,2007,885,31
56472,Kia,TELLURIDE?,2019,926,1
56473,Kia,TELLURIDE?,2020,926,1
56474,Kia,TORENTO?,2007,885,32
56475,Kia,TORENTO?,2008,885,32
56476,Kia,CEED,2019,416,214
56477,Kia,CEED,2019,416,215
56478,Kia,CEED,2019,416,216
56479,Kia,CEED,2020,416,214
56480,Kia,CEED,2020,416,215
56481,Kia,CEED,2020,416,216
56482,Kia,CEED,2020,416,217
56483,Kia,CEED,2020,416,220
56484,Kia,CEED,2021,416,214
56485,Kia,CEED,2021,416,215
56486,Kia,CEED,2021,416,216
56487,Kia,CEED,2021,416,217
56488,Kia,CEED,2021,416,220
56489,Kia,CEED,2021,416,232
56490,Kia,CEED,2021,416,233
56491,Kia,CEED,2022,416,232
56492,Kia,CEED,2022,416,233
59465,Renault,1TRAFIC?,2004,766,300
59466,Renault,1TRAFIC?,2004,940,200
59467,Renault,1TRAFIC?,2004,940,300
59468,Renault,1TRAFIC?,2004,940,400
59469,Renault,1TRAFIC?,2004,940,500
59470,Renault,1TRAFIC?,2004,940,600
59471,Renault,1TRAFIC?,2005,766,300
59472,Renault,1TRAFIC?,2005,940,20
59473,Renault,1TRAFIC?,2005,940,60
59474,Renault,1TRAFIC?,2005,940,400
59475,Renault,1TRAFIC?,2005,940,500
59476,Renault,1TRAFIC?,2005,940,600
59477,Renault,1TRAFIC?,2006,766,300
59478,Renault,1TRAFIC?,2006,940,11
59479,Renault,1TRAFIC?,2006,940,20
59480,Renault,1TRAFIC?,2006,940,400
59481,Renault,1TRAFIC?,2006,940,500
59482,Renault,1TRAFIC?,2007,940,11
59483,Renault,ARKANA,2021,675,9
59484,Renault,ARKANA,2021,675,10
59485,Renault,ARKANA,2022,675,9
59486,Renault,ARKANA,2022,675,10
59487,Renault,CAPTUR,2013,940,15
59488,Renault,CAPTUR,2013,940,16
59489,Renault,CAPTUR,2013,940,17
59490,Renault,CAPTUR,2013,940,18
59491,Renault,CAPTUR,2013,940,19
59492,Renault,CAPTUR,2013,940,22
59493,Renault,CAPTUR,2013,940,23
59494,Renault,CAPTUR,2014,940,15
59495,Renault,CAPTUR,2014,940,16
59496,Renault,CAPTUR,2014,940,17
59497,Renault,CAPTUR,2014,940,18
59498,Renault,CAPTUR,2014,940,19
59499,Renault,CAPTUR,2014,940,22
59500,Renault,CAPTUR,2014,940,23
59501,Renault,CAPTUR,2015,940,16
59502,Renault,CAPTUR,2015,940,17
59503,Renault,CAPTUR,2015,940,18
59504,Renault,CAPTUR,2015,940,19
59505,Renault,CAPTUR,2015,940,22
59506,Renault,CAPTUR,2015,940,23
59507,Renault,CAPTUR,2015,940,34
59508,Renault,CAPTUR,2015,940,35
59509,Renault,CAPTUR,2015,940,36
59510,Renault,CAPTUR,2015,940,37
59511,Renault,CAPTUR,2015,940,38
59512,Renault,CAPTUR,2015,940,39
59513,Renault,CAPTUR,2015,940,53
59514,Renault,CAPTUR,2015,940,54
59515,Renault,CAPTUR,2015,940,57
59516,Renault,CAPTUR,2016,940,53
59517,Renault,CAPTUR,2016,940,54
59518,Renault,CAPTUR,2016,940,57
59519,Renault,CAPTUR,2016,940,63
59520,Renault,CAPTUR,2017,940,53
59521,Renault,CAPTUR,2017,940,54
59522,Renault,CAPTUR,2017,940,57
59523,Renault,CAPTUR,2017,940,63
59524,Renault,CAPTUR,2017,940,89
59525,Renault,CAPTUR,2017,940,92
59526,Renault,CAPTUR,2017,940,95
59527,Renault,CAPTUR,2017,940,97
59528,Renault,CAPTUR,2017,940,98
59529,Renault,CAPTUR,2017,940,106
59530,Renault,CAPTUR,2017,940,109
59531,Renault,CAPTUR,2017,940,112
59532,Renault,CAPTUR,2017,940,116
59533,Renault,CAPTUR,2017,940,117
59534,Renault,CAPTUR,2017,940,118
59535,Renault,CAPTUR,2017,940,119
59536,Renault,CAPTUR,2018,940,92
59537,Renault,CAPTUR,2018,940,106
59538,Renault,CAPTUR,2018,940,109
59539,Renault,CAPTUR,2018,940,112
59540,Renault,CAPTUR,2018,940,116
59541,Renault,CAPTUR,2018,940,117
59542,Renault,CAPTUR,2018,940,118
59543,Renault,CAPTUR,2018,940,119
59544,Renault,CAPTUR,2018,940,123
59545,Renault,CAPTUR,2018,940,124
59546,Renault,CAPTUR,2018,940,125
59547,Renault,CAPTUR,2018,940,126
59548,Renault,CAPTUR,2018,940,127
59549,Renault,CAPTUR,2018,940,128
59550,Renault,CAPTUR,2018,940,134
59551,Renault,CAPTUR,2019,940,123
59552,Renault,CAPTUR,2019,940,124
59553,Renault,CAPTUR,2019,940,125
59554,Renault,CAPTUR,2019,940,126
59555,Renault,CAPTUR,2019,940,127
59556,Renault,CAPTUR,2019,940,128
59557,Renault,CAPTUR,2019,940,143
59558,Renault,CAPTUR,2019,940,144
59559,Renault,CAPTUR,2020,940,148
59560,Renault,CAPTUR,2020,940,149
59561,Renault,CAPTUR,2020,940,152
59562,Renault,CAPTUR,2020,940,153
59563,Renault,CAPTUR,2020,940,154
59564,Renault,CAPTUR,2021,940,149
59565,Renault,CAPTUR,2021,940,152
59566,Renault,CAPTUR,2021,940,153
59567,Renault,CAPTUR,2021,940,154
59568,Renault,CAPTUR,2021,940,155
59569,Renault,CAPTUR,2021,940,156
59570,Renault,CAPTUR,2021,940,158
59571,Renault,CAPTUR,2021,940,159
59572,Renault,CAPTUR,2021,940,162
59573,Renault,CAPTUR,2021,940,163
59574,Renault,CAPTUR,2021,940,164
59575,Renault,CAPTUR,2021,940,165
59576,Renault,CAPTUR,2022,940,158
59577,Renault,CAPTUR,2022,940,159
59578,Renault,CAPTUR,2022,940,162
59579,Renault,CAPTUR,2022,940,163
59580,Renault,CAPTUR,2022,940,164
59581,Renault,CAPTUR,2022,940,165
59582,Renault,CAPTUR,2022,940,167
59583,Renault,CAPTUR,2022,940,168
59584,Renault,CLIO,2008,928,40
59585,Renault,CLIO,2008,928,50
59586,Renault,CLIO,2009,928,40
59587,Renault,CLIO,2009,928,50
59588,Renault,CLIO,2010,928,421
59589,Renault,CLIO,2010,928,521
59590,Renault,CLIO,2011,928,421
59591,Renault,CLIO,2011,928,521
59592,Renault,CLIO,2012,928,521
59593,Renault,CLIO,2013,771,32
59594,Renault,CLIO,2013,771,33
59595,Renault,CLIO,2013,771,34
59596,Renault,CLIO,2013,771,35
59597,Renault,CLIO,2013,771,36
59598,Renault,CLIO,2013,771,37
59599,Renault,CLIO,2013,771,43
59600,Renault,CLIO,2013,928,22
59601,Renault,CLIO,2013,928,23
59602,Renault,CLIO,2013,928,521
59603,Renault,CLIO,2014,771,32
59604,Renault,CLIO,2014,771,33
59605,Renault,CLIO,2014,771,35
59606,Renault,CLIO,2014,771,36
59607,Renault,CLIO,2014,771,37
59608,Renault,CLIO,2014,771,43
59609,Renault,CLIO,2014,771,56
59610,Renault,CLIO,2014,771,57
59611,Renault,CLIO,2014,771,58
59612,Renault,CLIO,2014,771,59
59613,Renault,CLIO,2014,771,62
59614,Renault,CLIO,2014,771,64
59615,Renault,CLIO,2014,771,68
59616,Renault,CLIO,2014,771,75
59617,Renault,CLIO,2014,771,76
59618,Renault,CLIO,2014,771,78
59619,Renault,CLIO,2014,771,79
59620,Renault,CLIO,2014,771,85
59621,Renault,CLIO,2014,928,22
59622,Renault,CLIO,2014,928,23
59623,Renault,CLIO,2014,928,28
59624,Renault,CLIO,2014,928,29
59625,Renault,CLIO,2015,771,56
59626,Renault,CLIO,2015,771,57
59627,Renault,CLIO,2015,771,58
59628,Renault,CLIO,2015,771,59
59629,Renault,CLIO,2015,771,62
59630,Renault,CLIO,2015,771,68
59631,Renault,CLIO,2015,771,75
59632,Renault,CLIO,2015,771,76
59633,Renault,CLIO,2015,771,78
59634,Renault,CLIO,2015,771,79
59635,Renault,CLIO,2015,771,85
59636,Renault,CLIO,2015,771,88
59637,Renault,CLIO,2015,771,89
59638,Renault,CLIO,2015,771,92
59639,Renault,CLIO,2015,771,93
59640,Renault,CLIO,2015,771,94
59641,Renault,CLIO,2015,771,95
59642,Renault,CLIO,2015,771,96
59643,Renault,CLIO,2015,771,97
59644,Renault,CLIO,2015,771,98
59645,Renault,CLIO,2015,771,99
59646,Renault,CLIO,2015,771,103
59647,Renault,CLIO,2015,771,122
59648,Renault,CLIO,2015,771,123
59649,Renault,CLIO,2015,771,124
59650,Renault,CLIO,2015,771,125
59651,Renault,CLIO,2015,771,126
59652,Renault,CLIO,2015,771,127
59653,Renault,CLIO,2015,771,128
59654,Renault,CLIO,2015,771,129
59655,Renault,CLIO,2015,771,132
59656,Renault,CLIO,2015,771,133
59657,Renault,CLIO,2015,771,134
59658,Renault,CLIO,2015,771,135
59659,Renault,CLIO,2015,771,136
59660,Renault,CLIO,2015,771,137
59661,Renault,CLIO,2015,771,138
59662,Renault,CLIO,2015,771,139
59663,Renault,CLIO,2015,771,142
59664,Renault,CLIO,2015,771,143
59665,Renault,CLIO,2015,771,144
59666,Renault,CLIO,2015,771,146
59667,Renault,CLIO,2015,771,157
59668,Renault,CLIO,2015,771,163
59669,Renault,CLIO,2015,771,166
59670,Renault,CLIO,2015,771,167
59671,Renault,CLIO,2015,771,168
59672,Renault,CLIO,2015,771,169
59673,Renault,CLIO,2015,771,170
59674,Renault,CLIO,2015,771,172
59675,Renault,CLIO,2015,771,173
59676,Renault,CLIO,2015,771,174
59677,Renault,CLIO,2015,771,175
59678,Renault,CLIO,2015,771,176
59679,Renault,CLIO,2015,771,177
59680,Renault,CLIO,2015,771,178
59681,Renault,CLIO,2015,771,179
59682,Renault,CLIO,2015,771,180
59683,Renault,CLIO,2015,771,183
59684,Renault,CLIO,2015,771,184
59685,Renault,CLIO,2015,771,185
59686,Renault,CLIO,2015,928,28
59687,Renault,CLIO,2015,928,29
59688,Renault,CLIO,2015,928,37
59689,Renault,CLIO,2015,928,38
59690,Renault,CLIO,2015,928,46
59691,Renault,CLIO,2015,928,47
59692,Renault,CLIO,2016,771,126
59693,Renault,CLIO,2016,771,146
59694,Renault,CLIO,2016,771,166
59695,Renault,CLIO,2016,771,167
59696,Renault,CLIO,2016,771,168
59697,Renault,CLIO,2016,771,169
59698,Renault,CLIO,2016,771,170
59699,Renault,CLIO,2016,771,172
59700,Renault,CLIO,2016,771,173
59701,Renault,CLIO,2016,771,174
59702,Renault,CLIO,2016,771,178
59703,Renault,CLIO,2016,771,179
59704,Renault,CLIO,2016,771,180
59705,Renault,CLIO,2016,771,183
59706,Renault,CLIO,2016,771,202
59707,Renault,CLIO,2016,771,203
59708,Renault,CLIO,2016,771,204
59709,Renault,CLIO,2016,771,205
59710,Renault,CLIO,2016,771,206
59711,Renault,CLIO,2016,771,207
59712,Renault,CLIO,2016,771,208
59713,Renault,CLIO,2016,771,209
59714,Renault,CLIO,2016,771,213
59715,Renault,CLIO,2016,928,46
59716,Renault,CLIO,2016,928,47
59717,Renault,CLIO,2016,940,87
59718,Renault,CLIO,2016,940,88
59719,Renault,CLIO,2017,771,169
59720,Renault,CLIO,2017,771,170
59721,Renault,CLIO,2017,771,172
59722,Renault,CLIO,2017,771,178
59723,Renault,CLIO,2017,771,179
59724,Renault,CLIO,2017,771,204
59725,Renault,CLIO,2017,771,205
59726,Renault,CLIO,2017,771,206
59727,Renault,CLIO,2017,771,207
59728,Renault,CLIO,2017,771,208
59729,Renault,CLIO,2017,771,209
59730,Renault,CLIO,2017,771,213
59731,Renault,CLIO,2017,771,214
59732,Renault,CLIO,2017,771,226
59733,Renault,CLIO,2017,771,227
59734,Renault,CLIO,2017,771,228
59735,Renault,CLIO,2017,771,230
59736,Renault,CLIO,2017,771,233
59737,Renault,CLIO,2017,771,234
59738,Renault,CLIO,2017,771,235
59739,Renault,CLIO,2017,771,236
59740,Renault,CLIO,2017,771,237
59741,Renault,CLIO,2017,771,238
59742,Renault,CLIO,2017,771,239
59743,Renault,CLIO,2017,928,75
59744,Renault,CLIO,2017,928,79
59745,Renault,CLIO,2017,940,87
59746,Renault,CLIO,2017,940,88
59747,Renault,CLIO,2018,771,207
59748,Renault,CLIO,2018,771,208
59749,Renault,CLIO,2018,771,213
59750,Renault,CLIO,2018,771,214
59751,Renault,CLIO,2018,771,235
59752,Renault,CLIO,2018,771,236
59753,Renault,CLIO,2018,771,237
59754,Renault,CLIO,2018,771,238
59755,Renault,CLIO,2018,771,239
59756,Renault,CLIO,2018,771,248
59757,Renault,CLIO,2018,928,79
59758,Renault,CLIO,2019,771,235
59759,Renault,CLIO,2019,771,236
59760,Renault,CLIO,2019,771,237
59761,Renault,CLIO,2019,771,238
59762,Renault,CLIO,2019,771,239
59763,Renault,CLIO,2019,771,253
59764,Renault,CLIO,2019,771,255
59765,Renault,CLIO,2019,771,256
59766,Renault,CLIO,2019,771,257
59767,Renault,CLIO,2019,771,265
59768,Renault,CLIO,2020,771,255
59769,Renault,CLIO,2020,771,256
59770,Renault,CLIO,2020,771,257
59771,Renault,CLIO,2020,771,258
59772,Renault,CLIO,2020,771,259
59773,Renault,CLIO,2020,771,262
59774,Renault,CLIO,2020,771,263
59775,Renault,CLIO,2020,771,264
59776,Renault,CLIO,2020,771,265
59777,Renault,CLIO,2020,771,266
59778,Renault,CLIO,2020,771,267
59779,Renault,CLIO,2021,771,256
59780,Renault,CLIO,2021,771,257
59781,Renault,CLIO,2021,771,258
59782,Renault,CLIO,2021,771,259
59783,Renault,CLIO,2021,771,262
59784,Renault,CLIO,2021,771,265
59785,Renault,CLIO,2021,771,266
59786,Renault,CLIO,2021,771,267
59787,Renault,CLIO,2021,771,270
59788,Renault,CLIO,2021,771,272
59789,Renault,CLIO,2021,771,273
59790,Renault,CLIO,2021,771,276
59791,Renault,CLIO,2021,771,277
59792,Renault,CLIO,2022,771,262
59793,Renault,CLIO,2022,771,272
59794,Renault,CLIO,2022,771,273
59795,Renault,CLIO,2022,771,276
59796,Renault,CLIO,2022,771,277
59797,Renault,CLIO,2022,771,279
59798,Renault,CLIO,2022,771,280
59799,Renault,CLIO,2022,771,282
59800,Renault,CLIO,2022,771,283
59801,Renault,CLIO,2022,771,284
59802,Renault,CLIO,2022,771,285
59803,Renault,CLIO,2006,771,161
59804,Renault,CLIO,2007,771,221
59805,Renault,CLIO,2007,771,222
59806,Renault,CLIO,2007,771,231
59807,Renault,CLIO,2007,771,232
59808,Renault,CLIO,2007,771,241
59809,Renault,CLIO,2007,771,242
59810,Renault,CLIO,2007,771,261
59811,Renault,CLIO,2007,928,211
59812,Renault,CLIO,2007,928,212
59813,Renault,CLIO,2008,771,242
59814,Renault,CLIO,2008,771,261
59815,Renault,CLIO,2008,928,212
59816,Renault,CLIO,2009,771,242
59817,Renault,CLIO,2009,771,261
59818,Renault,CLIO,2009,771,301
59819,Renault,CLIO,2009,771,331
59820,Renault,CLIO,2009,771,341
59821,Renault,CLIO,2010,771,331
59822,Renault,CLIO,2010,771,341
59823,Renault,CLIO,2010,771,371
59824,Renault,CLIO,2010,771,521
59825,Renault,CLIO,2011,771,331
59826,Renault,CLIO,2011,771,341
59827,Renault,CLIO,2011,771,371
59828,Renault,CLIO,2011,771,521
59829,Renault,CLIO,2019,771,254
59830,Renault,CLIO,2004,928,290
59831,Renault,CLIO,2004,928,410
59832,Renault,CLIO,2004,928,411
59833,Renault,CLIO,2004,940,50
59834,Renault,CLIO,2004,940,51
59835,Renault,CLIO,2004,940,230
59836,Renault,CLIO,2004,940,240
59837,Renault,CLIO,2004,940,250
59838,Renault,CLIO,2004,940,260
59839,Renault,CLIO,2010,771,471
59840,Renault,CLIO,2010,771,481
59841,Renault,CLIO,2010,928,451
59842,Renault,CLIO,2011,771,110
59843,Renault,CLIO,2011,771,120
59844,Renault,CLIO,2011,771,401
59845,Renault,CLIO,2011,771,471
59846,Renault,CLIO,2011,771,481
59847,Renault,CLIO,2011,928,451
59848,Renault,CLIO,2012,771,110
59849,Renault,CLIO,2012,771,120
59850,Renault,CLIO,2012,771,401
59851,Renault,CLIO,2012,771,481
59852,Renault,CLIO,2012,928,451
59853,Renault,CLIO,2012,940,1
59854,Renault,CLIO,2012,940,5
59855,Renault,CLIO,2013,771,110
59856,Renault,CLIO,2013,771,481
59857,Renault,CLIO,2013,928,451
59858,Renault,CLIO,2013,940,1
59859,Renault,CLIO,2013,940,5
59860,Renault,FLUENCE ZE,2009,771,321
59861,Renault,FLUENCE ZE,2009,771,351
59862,Renault,FLUENCE ZE,2010,771,321
59863,Renault,FLUENCE ZE,2010,771,351
59864,Renault,FLUENCE ZE,2010,771,421
59865,Renault,FLUENCE ZE,2010,771,430
59866,Renault,FLUENCE ZE,2010,771,440
59867,Renault,FLUENCE ZE,2010,771,451
59868,Renault,FLUENCE ZE,2010,771,461
59869,Renault,FLUENCE ZE,2011,771,130
59870,Renault,FLUENCE ZE,2011,771,140
59871,Renault,FLUENCE ZE,2011,771,321
59872,Renault,FLUENCE ZE,2011,771,351
59873,Renault,FLUENCE ZE,2011,771,421
59874,Renault,FLUENCE ZE,2011,771,430
59875,Renault,FLUENCE ZE,2011,771,440
59876,Renault,FLUENCE ZE,2011,771,451
59877,Renault,FLUENCE ZE,2011,771,461
59878,Renault,FLUENCE ZE,2011,771,501
59879,Renault,FLUENCE ZE,2011,771,531
59880,Renault,FLUENCE ZE,2011,771,541
59881,Renault,FLUENCE ZE,2011,771,551
59882,Renault,FLUENCE ZE,2011,771,591
59883,Renault,FLUENCE ZE,2011,771,601
59884,Renault,FLUENCE ZE,2011,771,691
59885,Renault,FLUENCE ZE,2012,771,1
59886,Renault,FLUENCE ZE,2012,771,2
59887,Renault,FLUENCE ZE,2012,771,3
59888,Renault,FLUENCE ZE,2012,771,4
59889,Renault,FLUENCE ZE,2012,771,5
59890,Renault,FLUENCE ZE,2012,771,6
59891,Renault,FLUENCE ZE,2012,771,7
59892,Renault,FLUENCE ZE,2012,771,8
59893,Renault,FLUENCE ZE,2012,771,9
59894,Renault,FLUENCE ZE,2012,771,12
59895,Renault,FLUENCE ZE,2012,771,130
59896,Renault,FLUENCE ZE,2012,771,140
59897,Renault,FLUENCE ZE,2012,771,210
59898,Renault,FLUENCE ZE,2012,771,321
59899,Renault,FLUENCE ZE,2012,771,421
59900,Renault,FLUENCE ZE,2012,771,430
59901,Renault,FLUENCE ZE,2012,771,440
59902,Renault,FLUENCE ZE,2012,771,451
59903,Renault,FLUENCE ZE,2012,771,461
59904,Renault,FLUENCE ZE,2012,771,531
59905,Renault,FLUENCE ZE,2012,771,541
59906,Renault,FLUENCE ZE,2012,771,551
59907,Renault,FLUENCE ZE,2012,771,591
59908,Renault,FLUENCE ZE,2012,771,601
59909,Renault,FLUENCE ZE,2012,771,651
59910,Renault,FLUENCE ZE,2012,771,661
59911,Renault,FLUENCE ZE,2012,771,671
59912,Renault,FLUENCE ZE,2012,771,691
59913,Renault,FLUENCE ZE,2013,771,1
59914,Renault,FLUENCE ZE,2013,771,2
59915,Renault,FLUENCE ZE,2013,771,3
59916,Renault,FLUENCE ZE,2013,771,4
59917,Renault,FLUENCE ZE,2013,771,5
59918,Renault,FLUENCE ZE,2013,771,6
59919,Renault,FLUENCE ZE,2013,771,7
59920,Renault,FLUENCE ZE,2013,771,8
59921,Renault,FLUENCE ZE,2013,771,9
59922,Renault,FLUENCE ZE,2013,771,12
59923,Renault,FLUENCE ZE,2013,771,16
59924,Renault,FLUENCE ZE,2013,771,17
59925,Renault,FLUENCE ZE,2013,771,18
59926,Renault,FLUENCE ZE,2013,771,19
59927,Renault,FLUENCE ZE,2013,771,22
59928,Renault,FLUENCE ZE,2013,771,23
59929,Renault,FLUENCE ZE,2013,771,24
59930,Renault,FLUENCE ZE,2013,771,25
59931,Renault,FLUENCE ZE,2013,771,26
59932,Renault,FLUENCE ZE,2013,771,27
59933,Renault,FLUENCE ZE,2013,771,38
59934,Renault,FLUENCE ZE,2013,771,39
59935,Renault,FLUENCE ZE,2013,771,42
59936,Renault,FLUENCE ZE,2013,771,69
59937,Renault,FLUENCE ZE,2013,771,73
59938,Renault,FLUENCE ZE,2013,771,130
59939,Renault,FLUENCE ZE,2013,771,210
59940,Renault,FLUENCE ZE,2013,771,321
59941,Renault,FLUENCE ZE,2013,771,421
59942,Renault,FLUENCE ZE,2013,771,451
59943,Renault,FLUENCE ZE,2013,771,461
59944,Renault,FLUENCE ZE,2013,771,551
59945,Renault,FLUENCE ZE,2013,771,591
59946,Renault,FLUENCE ZE,2013,771,671
59947,Renault,FLUENCE ZE,2013,771,691
59948,Renault,FLUENCE ZE,2014,771,3
59949,Renault,FLUENCE ZE,2014,771,8
59950,Renault,FLUENCE ZE,2014,771,9
59951,Renault,FLUENCE ZE,2014,771,17
59952,Renault,FLUENCE ZE,2014,771,18
59953,Renault,FLUENCE ZE,2014,771,19
59954,Renault,FLUENCE ZE,2014,771,22
59955,Renault,FLUENCE ZE,2014,771,23
59956,Renault,FLUENCE ZE,2014,771,24
59957,Renault,FLUENCE ZE,2014,771,25
59958,Renault,FLUENCE ZE,2014,771,26
59959,Renault,FLUENCE ZE,2014,771,27
59960,Renault,FLUENCE ZE,2014,771,38
59961,Renault,FLUENCE ZE,2014,771,39
59962,Renault,FLUENCE ZE,2014,771,42
59963,Renault,FLUENCE ZE,2014,771,44
59964,Renault,FLUENCE ZE,2014,771,45
59965,Renault,FLUENCE ZE,2014,771,46
59966,Renault,FLUENCE ZE,2014,771,47
59967,Renault,FLUENCE ZE,2014,771,48
59968,Renault,FLUENCE ZE,2014,771,49
59969,Renault,FLUENCE ZE,2014,771,52
59970,Renault,FLUENCE ZE,2014,771,53
59971,Renault,FLUENCE ZE,2014,771,54
59972,Renault,FLUENCE ZE,2014,771,55
59973,Renault,FLUENCE ZE,2014,771,63
59974,Renault,FLUENCE ZE,2014,771,65
59975,Renault,FLUENCE ZE,2014,771,66
59976,Renault,FLUENCE ZE,2014,771,67
59977,Renault,FLUENCE ZE,2014,771,69
59978,Renault,FLUENCE ZE,2014,771,73
59979,Renault,FLUENCE ZE,2014,771,77
59980,Renault,FLUENCE ZE,2014,771,86
59981,Renault,FLUENCE ZE,2014,771,87
59982,Renault,FLUENCE ZE,2014,771,210
59983,Renault,FLUENCE ZE,2014,771,681
59984,Renault,FLUENCE ZE,2015,771,44
59985,Renault,FLUENCE ZE,2015,771,45
59986,Renault,FLUENCE ZE,2015,771,46
59987,Renault,FLUENCE ZE,2015,771,47
59988,Renault,FLUENCE ZE,2015,771,54
59989,Renault,FLUENCE ZE,2015,771,55
59990,Renault,FLUENCE ZE,2015,771,63
59991,Renault,FLUENCE ZE,2015,771,65
59992,Renault,FLUENCE ZE,2015,771,66
59993,Renault,FLUENCE ZE,2015,771,67
59994,Renault,FLUENCE ZE,2015,771,86
59995,Renault,FLUENCE ZE,2015,771,87
59996,Renault,FLUENCE ZE,2015,771,107
59997,Renault,FLUENCE ZE,2015,771,108
59998,Renault,FLUENCE ZE,2015,771,109
59999,Renault,FLUENCE ZE,2015,771,112
